date,day_label,day_th,is_weekend,menu_price,sheet,service_no,pax,pax_raw,guest_type,queue_start_hhmm,queue_end_hhmm,queue_start_min,queue_end_min,wait_min,queue_data_available,meal_start_hhmm,meal_end_hhmm,meal_start_min,meal_end_min,duration_min,duration_min_clean,duration_valid,duration_censored,table_raw,table_units,n_units,seats_held,zone,has_queue,has_meal,is_walkaway,is_waited,is_direct,pax_over_capacity,dq_flags
2026-03-13,ศุกร์ 13/3,ศุกร์,False,159,133,1,1.0,1.0,In house,,,,,,False,06:42,07:00,402.0,420.0,18.0,18.0,True,False,6,6_?,1,2,Indoor,False,True,False,False,True,False,DQ01_NO_QUEUE_DATA_THIS_DAY|DQ04_BARE_TABLE_NO
2026-03-13,ศุกร์ 13/3,ศุกร์,False,159,133,2,2.0,2.0,Walk in,,,,,,False,06:44,07:10,404.0,430.0,26.0,26.0,True,False,2,2_?,1,2,Indoor,False,True,False,False,True,False,DQ01_NO_QUEUE_DATA_THIS_DAY|DQ04_BARE_TABLE_NO
2026-03-13,ศุกร์ 13/3,ศุกร์,False,159,133,3,2.0,2.0,Walk in,,,,,,False,07:05,08:08,425.0,488.0,63.0,63.0,True,False,7A,7A,1,2,Outdoor,False,True,False,False,True,False,DQ01_NO_QUEUE_DATA_THIS_DAY
2026-03-13,ศุกร์ 13/3,ศุกร์,False,159,133,4,1.0,1.0,In house,,,,,,False,07:20,08:18,440.0,498.0,58.0,58.0,True,False,8A,8A,1,2,Outdoor,False,True,False,False,True,False,DQ01_NO_QUEUE_DATA_THIS_DAY
2026-03-13,ศุกร์ 13/3,ศุกร์,False,159,133,5,1.0,1.0,In house,,,,,,False,07:25,07:45,445.0,465.0,20.0,20.0,True,False,10A,10A,1,2,Outdoor,False,True,False,False,True,False,DQ01_NO_QUEUE_DATA_THIS_DAY
2026-03-13,ศุกร์ 13/3,ศุกร์,False,159,133,6,1.0,1.0,In house,,,,,,False,07:28,08:20,448.0,500.0,52.0,52.0,True,False,8B,8B,1,2,Outdoor,False,True,False,False,True,False,DQ01_NO_QUEUE_DATA_THIS_DAY
2026-03-13,ศุกร์ 13/3,ศุกร์,False,159,133,7,1.0,1.0,In house,,,,,,False,07:33,08:05,453.0,485.0,32.0,32.0,True,False,9,9_?,1,2,Outdoor,False,True,False,False,True,False,DQ01_NO_QUEUE_DATA_THIS_DAY|DQ04_BARE_TABLE_NO
2026-03-13,ศุกร์ 13/3,ศุกร์,False,159,133,8,5.0,5.0,Walk in,,,,,,False,07:42,08:40,462.0,520.0,58.0,58.0,True,False,4,4A|4B,2,4,Indoor,False,True,False,False,True,True,DQ01_NO_QUEUE_DATA_THIS_DAY|DQ04_BARE_TABLE_NO|DQ16_PAX_OVER_CAPACITY
2026-03-13,ศุกร์ 13/3,ศุกร์,False,159,133,9,4.0,4.0,In house,,,,,,False,07:48,08:21,468.0,501.0,33.0,33.0,True,False,11,11A|11B,2,4,Outdoor,False,True,False,False,True,False,DQ01_NO_QUEUE_DATA_THIS_DAY|DQ04_BARE_TABLE_NO
2026-03-13,ศุกร์ 13/3,ศุกร์,False,159,133,10,2.0,2.0,In house,,,,,,False,07:48,08:35,468.0,515.0,47.0,47.0,True,False,16,16,1,4,Outdoor,False,True,False,False,True,False,DQ01_NO_QUEUE_DATA_THIS_DAY|DQ03_TABLE16_NOT_IN_APPENDIX
2026-03-13,ศุกร์ 13/3,ศุกร์,False,159,133,11,2.0,2.0,Walk in,,,,,,False,07:50,08:48,470.0,528.0,58.0,58.0,True,False,6,6_?,1,2,Indoor,False,True,False,False,True,False,DQ01_NO_QUEUE_DATA_THIS_DAY|DQ04_BARE_TABLE_NO
2026-03-13,ศุกร์ 13/3,ศุกร์,False,159,133,12,1.0,1.0,In house,,,,,,False,07:56,08:15,476.0,495.0,19.0,19.0,True,False,7B,7B,1,2,Outdoor,False,True,False,False,True,False,DQ01_NO_QUEUE_DATA_THIS_DAY
2026-03-13,ศุกร์ 13/3,ศุกร์,False,159,133,13,1.0,1.0,In house,,,,,,False,07:59,08:35,479.0,515.0,36.0,36.0,True,False,10A,10A,1,2,Outdoor,False,True,False,False,True,False,DQ01_NO_QUEUE_DATA_THIS_DAY
2026-03-13,ศุกร์ 13/3,ศุกร์,False,159,133,14,1.0,1.0,Walk in,,,,,,False,08:00,09:19,480.0,559.0,79.0,79.0,True,False,1,1_?,1,2,Indoor,False,True,False,False,True,False,DQ01_NO_QUEUE_DATA_THIS_DAY|DQ04_BARE_TABLE_NO
2026-03-13,ศุกร์ 13/3,ศุกร์,False,159,133,15,1.0,1.0,Walk in,,,,,,False,08:03,08:27,483.0,507.0,24.0,24.0,True,False,8C,8C,1,2,Outdoor,False,True,False,False,True,False,DQ01_NO_QUEUE_DATA_THIS_DAY
2026-03-13,ศุกร์ 13/3,ศุกร์,False,159,133,16,2.0,2.0,In house,,,,,,False,08:05,08:25,485.0,505.0,20.0,20.0,True,False,12,12,1,4,Outdoor,False,True,False,False,True,False,DQ01_NO_QUEUE_DATA_THIS_DAY
2026-03-13,ศุกร์ 13/3,ศุกร์,False,159,133,17,1.0,1.0,In house,,,,,,False,08:14,09:03,494.0,543.0,49.0,49.0,True,False,14,14,1,4,Outdoor,False,True,False,False,True,False,DQ01_NO_QUEUE_DATA_THIS_DAY
2026-03-13,ศุกร์ 13/3,ศุกร์,False,159,133,18,2.0,2.0,Walk in,,,,,,False,08:15,09:30,495.0,570.0,75.0,75.0,True,False,7A,7A,1,2,Outdoor,False,True,False,False,True,False,DQ01_NO_QUEUE_DATA_THIS_DAY
2026-03-13,ศุกร์ 13/3,ศุกร์,False,159,133,19,1.0,1.0,In house,,,,,,False,08:16,09:05,496.0,545.0,49.0,49.0,True,False,15A,15A,1,2,Outdoor,False,True,False,False,True,False,DQ01_NO_QUEUE_DATA_THIS_DAY|DQ05_TABLE15_SPLIT
2026-03-13,ศุกร์ 13/3,ศุกร์,False,159,133,20,1.0,1.0,In house,,,,,,False,08:19,08:35,499.0,515.0,16.0,16.0,True,False,10B,10B,1,2,Outdoor,False,True,False,False,True,False,DQ01_NO_QUEUE_DATA_THIS_DAY
2026-03-13,ศุกร์ 13/3,ศุกร์,False,159,133,21,4.0,4.0,Walk in,,,,,,False,08:24,10:46,504.0,646.0,142.0,142.0,True,False,3,3A|3B,2,4,Indoor,False,True,False,False,True,False,DQ01_NO_QUEUE_DATA_THIS_DAY|DQ04_BARE_TABLE_NO
2026-03-13,ศุกร์ 13/3,ศุกร์,False,159,133,22,2.0,2.0,In house,,,,,,False,08:25,09:22,505.0,562.0,57.0,57.0,True,False,5,5_?,1,2,Indoor,False,True,False,False,True,False,DQ01_NO_QUEUE_DATA_THIS_DAY|DQ04_BARE_TABLE_NO
2026-03-13,ศุกร์ 13/3,ศุกร์,False,159,133,23,2.0,2.0,Walk in,,,,,,False,08:25,10:12,505.0,612.0,107.0,107.0,True,False,2,2_?,1,2,Indoor,False,True,False,False,True,False,DQ01_NO_QUEUE_DATA_THIS_DAY|DQ04_BARE_TABLE_NO
2026-03-13,ศุกร์ 13/3,ศุกร์,False,159,133,24,1.0,1.0,Walk in,,,,,,False,08:33,09:30,513.0,570.0,57.0,57.0,True,False,8A,8A,1,2,Outdoor,False,True,False,False,True,False,DQ01_NO_QUEUE_DATA_THIS_DAY
2026-03-13,ศุกร์ 13/3,ศุกร์,False,159,133,25,1.0,1.0,Walk in,,,,,,False,08:41,09:25,521.0,565.0,44.0,44.0,True,False,11A,11A,1,2,Outdoor,False,True,False,False,True,False,DQ01_NO_QUEUE_DATA_THIS_DAY
2026-03-13,ศุกร์ 13/3,ศุกร์,False,159,133,26,1.0,1.0,Walk in,,,,,,False,08:43,09:35,523.0,575.0,52.0,52.0,True,False,16,16,1,4,Outdoor,False,True,False,False,True,False,DQ01_NO_QUEUE_DATA_THIS_DAY|DQ03_TABLE16_NOT_IN_APPENDIX
2026-03-13,ศุกร์ 13/3,ศุกร์,False,159,133,27,1.0,1.0,In house,,,,,,False,08:47,09:18,527.0,558.0,31.0,31.0,True,False,12,12,1,4,Outdoor,False,True,False,False,True,False,DQ01_NO_QUEUE_DATA_THIS_DAY
2026-03-13,ศุกร์ 13/3,ศุกร์,False,159,133,28,2.0,2.0,In house,,,,,,False,08:53,09:28,533.0,568.0,35.0,35.0,True,False,10A,10A,1,2,Outdoor,False,True,False,False,True,False,DQ01_NO_QUEUE_DATA_THIS_DAY
2026-03-13,ศุกร์ 13/3,ศุกร์,False,159,133,29,1.0,1.0,In house,,,,,,False,08:53,09:13,533.0,553.0,20.0,20.0,True,False,7B,7B,1,2,Outdoor,False,True,False,False,True,False,DQ01_NO_QUEUE_DATA_THIS_DAY
2026-03-13,ศุกร์ 13/3,ศุกร์,False,159,133,30,3.0,3.0,In house,,,,,,False,09:00,09:33,540.0,573.0,33.0,33.0,True,False,6,6A|6B,2,4,Indoor,False,True,False,False,True,False,DQ01_NO_QUEUE_DATA_THIS_DAY|DQ04_BARE_TABLE_NO
2026-03-13,ศุกร์ 13/3,ศุกร์,False,159,133,31,2.0,2.0,Walk in,,,,,,False,09:05,10:00,545.0,600.0,55.0,55.0,True,False,4,4_?,1,2,Indoor,False,True,False,False,True,False,DQ01_NO_QUEUE_DATA_THIS_DAY|DQ04_BARE_TABLE_NO
2026-03-13,ศุกร์ 13/3,ศุกร์,False,159,133,32,2.0,2.0,In house,,,,,,False,09:05,09:39,545.0,579.0,34.0,34.0,True,False,8B,8B,1,2,Outdoor,False,True,False,False,True,False,DQ01_NO_QUEUE_DATA_THIS_DAY
2026-03-13,ศุกร์ 13/3,ศุกร์,False,159,133,33,2.0,2.0,Walk in,,,,,,False,09:07,10:07,547.0,607.0,60.0,60.0,True,False,15A,15A,1,2,Outdoor,False,True,False,False,True,False,DQ01_NO_QUEUE_DATA_THIS_DAY|DQ05_TABLE15_SPLIT
2026-03-13,ศุกร์ 13/3,ศุกร์,False,159,133,34,2.0,2.0,In house,,,,,,False,09:08,10:09,548.0,609.0,61.0,61.0,True,False,8A,8A,1,2,Outdoor,False,True,False,False,True,False,DQ01_NO_QUEUE_DATA_THIS_DAY
2026-03-13,ศุกร์ 13/3,ศุกร์,False,159,133,35,2.0,2.0,Walk in,,,,,,False,09:16,10:06,556.0,606.0,50.0,50.0,True,False,8,8_?,1,2,Outdoor,False,True,False,False,True,False,DQ01_NO_QUEUE_DATA_THIS_DAY|DQ04_BARE_TABLE_NO
2026-03-13,ศุกร์ 13/3,ศุกร์,False,159,133,36,1.0,1.0,In house,,,,,,False,09:23,09:57,563.0,597.0,34.0,34.0,True,False,12,12,1,4,Outdoor,False,True,False,False,True,False,DQ01_NO_QUEUE_DATA_THIS_DAY
2026-03-13,ศุกร์ 13/3,ศุกร์,False,159,133,37,1.0,1.0,In house,,,,,,False,08:28,09:30,508.0,570.0,62.0,62.0,True,False,7C,7C,1,2,Outdoor,False,True,False,False,True,False,DQ01_NO_QUEUE_DATA_THIS_DAY
2026-03-13,ศุกร์ 13/3,ศุกร์,False,159,133,38,1.0,1.0,In house,,,,,,False,09:30,10:05,570.0,605.0,35.0,35.0,True,False,11A,11A,1,2,Outdoor,False,True,False,False,True,False,DQ01_NO_QUEUE_DATA_THIS_DAY
2026-03-13,ศุกร์ 13/3,ศุกร์,False,159,133,39,3.0,3.0,In house,,,,,,False,09:36,10:50,576.0,650.0,74.0,74.0,True,False,1,1A|1B,2,4,Indoor,False,True,False,False,True,False,DQ01_NO_QUEUE_DATA_THIS_DAY|DQ04_BARE_TABLE_NO
2026-03-13,ศุกร์ 13/3,ศุกร์,False,159,133,40,2.0,2.0,Walk in,,,,,,False,09:34,10:40,574.0,640.0,66.0,66.0,True,False,5,5_?,1,2,Indoor,False,True,False,False,True,False,DQ01_NO_QUEUE_DATA_THIS_DAY|DQ04_BARE_TABLE_NO
2026-03-13,ศุกร์ 13/3,ศุกร์,False,159,133,41,2.0,2.0,In house,,,,,,False,09:42,10:30,582.0,630.0,48.0,48.0,True,False,6,6_?,1,2,Indoor,False,True,False,False,True,False,DQ01_NO_QUEUE_DATA_THIS_DAY|DQ04_BARE_TABLE_NO
2026-03-13,ศุกร์ 13/3,ศุกร์,False,159,133,42,1.0,1.0,Walk in,,,,,,False,09:53,11:00,593.0,660.0,67.0,67.0,True,False,7A,7A,1,2,Outdoor,False,True,False,False,True,False,DQ01_NO_QUEUE_DATA_THIS_DAY
2026-03-13,ศุกร์ 13/3,ศุกร์,False,159,133,43,2.0,2.0,In house,,,,,,False,09:55,10:34,595.0,634.0,39.0,39.0,True,False,16,16,1,4,Outdoor,False,True,False,False,True,False,DQ01_NO_QUEUE_DATA_THIS_DAY|DQ03_TABLE16_NOT_IN_APPENDIX
2026-03-13,ศุกร์ 13/3,ศุกร์,False,159,133,44,2.0,2.0,In house,,,,,,False,10:03,10:35,603.0,635.0,32.0,32.0,True,False,7B,7B,1,2,Outdoor,False,True,False,False,True,False,DQ01_NO_QUEUE_DATA_THIS_DAY
2026-03-13,ศุกร์ 13/3,ศุกร์,False,159,133,45,2.0,2.0,In house,,,,,,False,10:05,11:06,605.0,666.0,61.0,61.0,True,False,12,12,1,4,Outdoor,False,True,False,False,True,False,DQ01_NO_QUEUE_DATA_THIS_DAY
2026-03-13,ศุกร์ 13/3,ศุกร์,False,159,133,46,2.0,2.0,In house,,,,,,False,10:08,10:50,608.0,650.0,42.0,42.0,True,False,10A,10A,1,2,Outdoor,False,True,False,False,True,False,DQ01_NO_QUEUE_DATA_THIS_DAY
2026-03-13,ศุกร์ 13/3,ศุกร์,False,159,133,47,2.0,2.0,Walk in,,,,,,False,10:10,11:10,610.0,670.0,60.0,60.0,True,False,8B,8B,1,2,Outdoor,False,True,False,False,True,False,DQ01_NO_QUEUE_DATA_THIS_DAY
2026-03-13,ศุกร์ 13/3,ศุกร์,False,159,133,48,2.0,2.0,In house,,,,,,False,10:20,10:57,620.0,657.0,37.0,37.0,True,False,4,4_?,1,2,Indoor,False,True,False,False,True,False,DQ01_NO_QUEUE_DATA_THIS_DAY|DQ04_BARE_TABLE_NO
2026-03-13,ศุกร์ 13/3,ศุกร์,False,159,133,49,2.0,2.0,Walk in,,,,,,False,10:32,11:00,632.0,660.0,28.0,28.0,True,False,2,2_?,1,2,Indoor,False,True,False,False,True,False,DQ01_NO_QUEUE_DATA_THIS_DAY|DQ04_BARE_TABLE_NO
2026-03-13,ศุกร์ 13/3,ศุกร์,False,159,133,50,2.0,2.0,Walk in,,,,,,False,10:35,11:20,635.0,680.0,45.0,45.0,True,False,6,6_?,1,2,Indoor,False,True,False,False,True,False,DQ01_NO_QUEUE_DATA_THIS_DAY|DQ04_BARE_TABLE_NO
2026-03-13,ศุกร์ 13/3,ศุกร์,False,159,133,51,2.0,2.0,In house,,,,,,False,10:45,11:27,645.0,687.0,42.0,42.0,True,False,5,5_?,1,2,Indoor,False,True,False,False,True,False,DQ01_NO_QUEUE_DATA_THIS_DAY|DQ04_BARE_TABLE_NO
2026-03-13,ศุกร์ 13/3,ศุกร์,False,159,133,52,2.0,2.0,Walk in,,,,,,False,10:53,11:57,653.0,717.0,64.0,64.0,True,False,9,9_?,1,2,Outdoor,False,True,False,False,True,False,DQ01_NO_QUEUE_DATA_THIS_DAY|DQ04_BARE_TABLE_NO
2026-03-13,ศุกร์ 13/3,ศุกร์,False,159,133,53,2.0,2.0,Walk in,,,,,,False,10:58,11:57,658.0,717.0,59.0,59.0,True,False,1,1_?,1,2,Indoor,False,True,False,False,True,False,DQ01_NO_QUEUE_DATA_THIS_DAY|DQ04_BARE_TABLE_NO
2026-03-13,ศุกร์ 13/3,ศุกร์,False,159,133,54,2.0,2.0,Walk in,,,,,,False,11:00,12:03,660.0,723.0,63.0,63.0,True,False,4,4_?,1,2,Indoor,False,True,False,False,True,False,DQ01_NO_QUEUE_DATA_THIS_DAY|DQ04_BARE_TABLE_NO
2026-03-13,ศุกร์ 13/3,ศุกร์,False,159,133,55,2.0,2.0,Walk in,,,,,,False,11:00,11:45,660.0,705.0,45.0,45.0,True,False,16,16,1,4,Outdoor,False,True,False,False,True,False,DQ01_NO_QUEUE_DATA_THIS_DAY|DQ03_TABLE16_NOT_IN_APPENDIX
2026-03-13,ศุกร์ 13/3,ศุกร์,False,159,133,56,2.0,2.0,In house,,,,,,False,11:15,11:43,675.0,703.0,28.0,28.0,True,False,3,3_?,1,2,Indoor,False,True,False,False,True,False,DQ01_NO_QUEUE_DATA_THIS_DAY|DQ04_BARE_TABLE_NO
2026-03-13,ศุกร์ 13/3,ศุกร์,False,159,133,57,2.0,2.0,Walk in,,,,,,False,11:16,12:00,676.0,720.0,44.0,44.0,True,False,2,2_?,1,2,Indoor,False,True,False,False,True,False,DQ01_NO_QUEUE_DATA_THIS_DAY|DQ04_BARE_TABLE_NO
2026-03-14,เสาร์ 14/3,เสาร์,True,199,143,1,1.0,1.0,Walk in,,,,,,True,06:29,10:14,389.0,614.0,225.0,225.0,True,False,5B,5B,1,2,Indoor,False,True,False,False,True,False,
2026-03-14,เสาร์ 14/3,เสาร์,True,199,143,2,2.0,2.0,Walk in,,,,,,True,06:32,08:02,392.0,482.0,90.0,90.0,True,False,7A,7A,1,2,Outdoor,False,True,False,False,True,False,
2026-03-14,เสาร์ 14/3,เสาร์,True,199,143,3,1.0,1.0,Walk in,,,,,,True,06:33,07:47,393.0,467.0,74.0,74.0,True,False,1A,1A,1,2,Indoor,False,True,False,False,True,False,
2026-03-14,เสาร์ 14/3,เสาร์,True,199,143,4,4.0,4.0,Walk in,,,,,,True,06:33,08:09,393.0,489.0,96.0,96.0,True,False,4B,4B,1,2,Indoor,False,True,False,False,True,True,DQ16_PAX_OVER_CAPACITY
2026-03-14,เสาร์ 14/3,เสาร์,True,199,143,5,2.0,2.0,Walk in,,,,,,True,06:36,07:45,396.0,465.0,69.0,69.0,True,False,16,16,1,4,Outdoor,False,True,False,False,True,False,DQ03_TABLE16_NOT_IN_APPENDIX
2026-03-14,เสาร์ 14/3,เสาร์,True,199,143,6,1.0,1.0,Walk in,,,,,,True,06:44,07:16,404.0,436.0,32.0,32.0,True,False,3,3_?,1,2,Indoor,False,True,False,False,True,False,DQ04_BARE_TABLE_NO
2026-03-14,เสาร์ 14/3,เสาร์,True,199,143,7,1.0,1.0,Walk in,,,,,,True,06:44,08:27,404.0,507.0,103.0,103.0,True,False,6,6_?,1,2,Indoor,False,True,False,False,True,False,DQ04_BARE_TABLE_NO
2026-03-14,เสาร์ 14/3,เสาร์,True,199,143,8,1.0,1.0,Walk in,,,,,,True,06:44,07:48,404.0,468.0,64.0,64.0,True,False,11,11_?,1,2,Outdoor,False,True,False,False,True,False,DQ04_BARE_TABLE_NO
2026-03-14,เสาร์ 14/3,เสาร์,True,199,143,9,2.0,2.0,Walk in,,,,,,True,06:48,07:50,408.0,470.0,62.0,62.0,True,False,4A,4A,1,2,Indoor,False,True,False,False,True,False,
2026-03-14,เสาร์ 14/3,เสาร์,True,199,143,10,1.0,1.0,Walk in,07:07,07:15,427.0,435.0,8.0,True,07:17,09:26,437.0,566.0,129.0,129.0,True,False,3B,3B,1,2,Indoor,True,True,False,True,False,False,
2026-03-14,เสาร์ 14/3,เสาร์,True,199,143,11,1.0,1.0,Walk in,,,,,,True,07:08,07:50,428.0,470.0,42.0,42.0,True,False,11,11_?,1,2,Outdoor,False,True,False,False,True,False,DQ04_BARE_TABLE_NO
2026-03-14,เสาร์ 14/3,เสาร์,True,199,143,12,2.0,2.0,In house,,,,,,True,07:15,08:27,435.0,507.0,72.0,72.0,True,False,8B,8B,1,2,Outdoor,False,True,False,False,True,False,
2026-03-14,เสาร์ 14/3,เสาร์,True,199,143,13,2.0,2.0,In house,,,,,,True,07:25,08:27,445.0,507.0,62.0,62.0,True,False,8C,8C,1,2,Outdoor,False,True,False,False,True,False,
2026-03-14,เสาร์ 14/3,เสาร์,True,199,143,14,1.0,1.0,Walk in,,,,,,True,07:26,08:36,446.0,516.0,70.0,70.0,True,False,8A,8A,1,2,Outdoor,False,True,False,False,True,False,
2026-03-14,เสาร์ 14/3,เสาร์,True,199,143,15,2.0,2.0,In house,,,,,,True,07:28,08:19,448.0,499.0,51.0,51.0,True,False,7B,7B,1,2,Outdoor,False,True,False,False,True,False,
2026-03-14,เสาร์ 14/3,เสาร์,True,199,143,16,4.0,4.0,Walk in,,,,,,True,07:29,08:38,449.0,518.0,69.0,69.0,True,False,15,15,1,4,Outdoor,False,True,False,False,True,False,
2026-03-14,เสาร์ 14/3,เสาร์,True,199,143,17,2.0,2.0,In house,,,,,,True,07:35,08:07,455.0,487.0,32.0,32.0,True,False,9A,9A,1,2,Outdoor,False,True,False,False,True,False,
2026-03-14,เสาร์ 14/3,เสาร์,True,199,143,18,2.0,2.0,In house,,,,,,True,07:38,08:30,458.0,510.0,52.0,52.0,True,False,14,14,1,4,Outdoor,False,True,False,False,True,False,
2026-03-14,เสาร์ 14/3,เสาร์,True,199,143,19,2.0,2.0,Walk in,,,,,,True,07:40,09:31,460.0,571.0,111.0,111.0,True,False,12,12,1,4,Outdoor,False,True,False,False,True,False,
2026-03-14,เสาร์ 14/3,เสาร์,True,199,143,20,1.0,1.0,Walk in,,,,,,True,07:47,08:13,467.0,493.0,26.0,26.0,True,False,7C,7C,1,2,Outdoor,False,True,False,False,True,False,
2026-03-14,เสาร์ 14/3,เสาร์,True,199,143,21,2.0,2.0,In house,,,,,,True,07:49,08:12,469.0,492.0,23.0,23.0,True,False,16,16,1,4,Outdoor,False,True,False,False,True,False,DQ03_TABLE16_NOT_IN_APPENDIX
2026-03-14,เสาร์ 14/3,เสาร์,True,199,143,22,3.0,3.0,Walk in,,,,,,True,07:51,10:15,471.0,615.0,144.0,144.0,True,False,11,11A|11B,2,4,Outdoor,False,True,False,False,True,False,DQ04_BARE_TABLE_NO
2026-03-14,เสาร์ 14/3,เสาร์,True,199,143,23,1.0,1.0,In house,,,,,,True,07:55,08:19,475.0,499.0,24.0,24.0,True,False,1A,1A,1,2,Indoor,False,True,False,False,True,False,
2026-03-14,เสาร์ 14/3,เสาร์,True,199,143,24,2.0,2.0,In house,,,,,,True,07:57,08:25,477.0,505.0,28.0,28.0,True,False,10B,10B,1,2,Outdoor,False,True,False,False,True,False,
2026-03-14,เสาร์ 14/3,เสาร์,True,199,143,25,2.0,2.0,In house,,,,,,True,08:02,08:36,482.0,516.0,34.0,34.0,True,False,9B,9B,1,2,Outdoor,False,True,False,False,True,False,
2026-03-14,เสาร์ 14/3,เสาร์,True,199,143,26,4.0,4.0,Walk in,,,,,,True,08:05,09:21,485.0,561.0,76.0,76.0,True,False,2,2A|2B,2,4,Indoor,False,True,False,False,True,False,DQ04_BARE_TABLE_NO
2026-03-14,เสาร์ 14/3,เสาร์,True,199,143,27,2.0,2.0,Walk in,,,,,,True,08:06,08:28,486.0,508.0,22.0,22.0,True,False,4A,4A,1,2,Indoor,False,True,False,False,True,False,
2026-03-14,เสาร์ 14/3,เสาร์,True,199,143,28,1.0,1.0,In house,,,,,,True,08:12,08:48,492.0,528.0,36.0,36.0,True,False,1B,1B,1,2,Indoor,False,True,False,False,True,False,
2026-03-14,เสาร์ 14/3,เสาร์,True,199,143,29,4.0,4.0,In house,,,,,,True,08:13,08:50,493.0,530.0,37.0,37.0,True,False,4B,4B,1,2,Indoor,False,True,False,False,True,True,DQ16_PAX_OVER_CAPACITY
2026-03-14,เสาร์ 14/3,เสาร์,True,199,143,30,2.0,2.0,Walk in,,,,,,True,08:14,09:46,494.0,586.0,92.0,92.0,True,False,7A,7A,1,2,Outdoor,False,True,False,False,True,False,
2026-03-14,เสาร์ 14/3,เสาร์,True,199,143,31,1.0,1.0,Walk in,,,,,,True,08:20,09:41,500.0,581.0,81.0,81.0,True,False,1A,1A,1,2,Indoor,False,True,False,False,True,False,
2026-03-14,เสาร์ 14/3,เสาร์,True,199,143,32,2.0,2.0,Walk in,,,,,,True,08:17,09:30,497.0,570.0,73.0,73.0,True,False,16,16,1,4,Outdoor,False,True,False,False,True,False,DQ03_TABLE16_NOT_IN_APPENDIX
2026-03-14,เสาร์ 14/3,เสาร์,True,199,143,33,4.0,4.0,Walk in,,,,,,True,08:29,09:46,509.0,586.0,77.0,77.0,True,False,6,6A|6B,2,4,Indoor,False,True,False,False,True,False,DQ04_BARE_TABLE_NO
2026-03-14,เสาร์ 14/3,เสาร์,True,199,143,34,2.0,2.0,Walk in,,,,,,True,08:20,10:00,500.0,600.0,100.0,100.0,True,False,7C,7C,1,2,Outdoor,False,True,False,False,True,False,
2026-03-14,เสาร์ 14/3,เสาร์,True,199,143,35,1.0,1.0,In house,,,,,,True,08:23,08:48,503.0,528.0,25.0,25.0,True,False,7B,7B,1,2,Outdoor,False,True,False,False,True,False,
2026-03-14,เสาร์ 14/3,เสาร์,True,199,143,36,2.0,2.0,Walk in,,,,,,True,08:23,09:12,503.0,552.0,49.0,49.0,True,False,9A,9A,1,2,Outdoor,False,True,False,False,True,False,
2026-03-14,เสาร์ 14/3,เสาร์,True,199,143,37,2.0,2.0,Walk in,08:25,08:48,505.0,528.0,23.0,True,08:48,10:05,528.0,605.0,77.0,77.0,True,False,1B,1B,1,2,Indoor,True,True,False,True,False,False,
2026-03-14,เสาร์ 14/3,เสาร์,True,199,143,38,2.0,2.0,Walk in,,,,,,True,08:29,10:21,509.0,621.0,112.0,112.0,True,False,8B,8B,1,2,Outdoor,False,True,False,False,True,False,
2026-03-14,เสาร์ 14/3,เสาร์,True,199,143,39,1.0,1.0,Walk in,,,,,,True,08:34,10:49,514.0,649.0,135.0,135.0,True,False,10B,10B,1,2,Outdoor,False,True,False,False,True,False,
2026-03-14,เสาร์ 14/3,เสาร์,True,199,143,40,5.0,5.0,In house,,,,,,True,08:43,09:50,523.0,590.0,67.0,67.0,True,False,13-14,13|14,2,8,Outdoor,False,True,False,False,True,False,
2026-03-14,เสาร์ 14/3,เสาร์,True,199,143,41,1.0,1.0,In house,,,,,,True,08:46,09:24,526.0,564.0,38.0,38.0,True,False,10A,10A,1,2,Outdoor,False,True,False,False,True,False,
2026-03-14,เสาร์ 14/3,เสาร์,True,199,143,42,2.0,2.0,Walk in,,,,,,True,08:50,09:17,530.0,557.0,27.0,27.0,True,False,9B,9B,1,2,Outdoor,False,True,False,False,True,False,
2026-03-14,เสาร์ 14/3,เสาร์,True,199,143,43,4.0,4.0,Walk in,,,,,,True,08:51,09:41,531.0,581.0,50.0,50.0,True,False,15,15,1,4,Outdoor,False,True,False,False,True,False,
2026-03-14,เสาร์ 14/3,เสาร์,True,199,143,44,2.0,2.0,In house,,,,,,True,08:52,09:25,532.0,565.0,33.0,33.0,True,False,3B,3B,1,2,Indoor,False,True,False,False,True,False,
2026-03-14,เสาร์ 14/3,เสาร์,True,199,143,45,1.0,1.0,In house,,,,,,True,08:54,09:30,534.0,570.0,36.0,36.0,True,False,8C,8C,1,2,Outdoor,False,True,False,False,True,False,
2026-03-14,เสาร์ 14/3,เสาร์,True,199,143,46,2.0,2.0,In house,,,,,,True,08:55,09:35,535.0,575.0,40.0,40.0,True,False,7B,7B,1,2,Outdoor,False,True,False,False,True,False,
2026-03-14,เสาร์ 14/3,เสาร์,True,199,143,47,1.0,1.0,Walk in,08:56,09:00,536.0,540.0,4.0,True,09:00,10:09,540.0,609.0,69.0,69.0,True,False,8A,8A,1,2,Outdoor,True,True,False,True,False,False,
2026-03-14,เสาร์ 14/3,เสาร์,True,199,143,48,1.0,1.0,Walk in,08:56,09:12,536.0,552.0,16.0,True,09:12,11:00,552.0,660.0,108.0,108.0,True,False,9A,9A,1,2,Outdoor,True,True,False,True,False,False,
2026-03-14,เสาร์ 14/3,เสาร์,True,199,143,49,3.0,3.0,Walk in,09:08,09:23,548.0,563.0,15.0,True,09:23,10:08,563.0,608.0,45.0,45.0,True,False,1B-2A,1B|2A,2,4,Indoor,True,True,False,True,False,False,
2026-03-14,เสาร์ 14/3,เสาร์,True,199,143,50,1.0,1.0,Walk in,09:09,09:24,549.0,564.0,15.0,True,09:24,09:45,564.0,585.0,21.0,21.0,True,False,10A,10A,1,2,Outdoor,True,True,False,True,False,False,
2026-03-14,เสาร์ 14/3,เสาร์,True,199,143,51,2.0,2.0,In house,09:10,09:20,550.0,560.0,10.0,True,09:20,09:44,560.0,584.0,24.0,24.0,True,False,99,99,0,0,QueueArea,True,True,False,True,False,False,DQ_QUEUE_AREA
2026-03-14,เสาร์ 14/3,เสาร์,True,199,143,52,2.0,2.0,In house,09:10,09:25,550.0,565.0,15.0,True,09:25,09:52,565.0,592.0,27.0,27.0,True,False,3B,3B,1,2,Indoor,True,True,False,True,False,False,
2026-03-14,เสาร์ 14/3,เสาร์,True,199,143,53,2.0,2.0,In house,09:11,09:43,551.0,583.0,32.0,True,09:43,10:18,583.0,618.0,35.0,35.0,True,False,15,15,1,4,Outdoor,True,True,False,True,False,False,
2026-03-14,เสาร์ 14/3,เสาร์,True,199,143,54,2.0,2.0,In house,09:14,09:30,554.0,570.0,16.0,True,09:30,09:52,570.0,592.0,22.0,22.0,True,False,4A,4A,1,2,Indoor,True,True,False,True,False,False,
2026-03-14,เสาร์ 14/3,เสาร์,True,199,143,55,1.0,1.0,Walk in,09:15,09:36,555.0,576.0,21.0,True,09:36,11:48,576.0,708.0,132.0,132.0,True,False,9B,9B,1,2,Outdoor,True,True,False,True,False,False,
2026-03-14,เสาร์ 14/3,เสาร์,True,199,143,56,2.0,2.0,In house,09:15,09:38,555.0,578.0,23.0,True,09:38,10:21,578.0,621.0,43.0,43.0,True,False,13,13,1,4,Outdoor,True,True,False,True,False,False,
2026-03-14,เสาร์ 14/3,เสาร์,True,199,143,57,2.0,2.0,Walk in,09:21,09:39,561.0,579.0,18.0,True,09:39,10:27,579.0,627.0,48.0,48.0,True,False,7B,7B,1,2,Outdoor,True,True,False,True,False,False,
2026-03-14,เสาร์ 14/3,เสาร์,True,199,143,58,1.0,1.0,In house,09:21,09:42,561.0,582.0,21.0,True,,,,,,,False,False,,,0,0,,True,False,True,False,False,False,
2026-03-14,เสาร์ 14/3,เสาร์,True,199,143,59,2.0,2.0,Walk in,09:22,09:42,562.0,582.0,20.0,True,09:42,11:03,582.0,663.0,81.0,81.0,True,False,1A,1A,1,2,Indoor,True,True,False,True,False,False,
2026-03-14,เสาร์ 14/3,เสาร์,True,199,143,60,1.0,1.0,Walk in,09:31,09:48,571.0,588.0,17.0,True,09:48,11:21,588.0,681.0,93.0,93.0,True,False,7A,7A,1,2,Outdoor,True,True,False,True,False,False,
2026-03-14,เสาร์ 14/3,เสาร์,True,199,143,61,2.0,2.0,Walk in,09:32,09:54,572.0,594.0,22.0,True,09:54,10:56,594.0,656.0,62.0,62.0,True,False,4A,4A,1,2,Indoor,True,True,False,True,False,False,
2026-03-14,เสาร์ 14/3,เสาร์,True,199,143,62,2.0,2.0,Walk in,09:36,09:51,576.0,591.0,15.0,True,09:51,11:23,591.0,683.0,92.0,92.0,True,False,4B,4B,1,2,Indoor,True,True,False,True,False,False,
2026-03-14,เสาร์ 14/3,เสาร์,True,199,143,63,2.0,2.0,Walk in,09:40,09:52,580.0,592.0,12.0,True,09:52,10:40,592.0,640.0,48.0,48.0,True,False,5A,5A,1,2,Indoor,True,True,False,True,False,False,
2026-03-14,เสาร์ 14/3,เสาร์,True,199,143,64,3.0,3.0,Walk in,,,,,,True,09:57,11:28,597.0,688.0,91.0,91.0,True,False,2B-3A,2B|3A,2,4,Indoor,False,True,False,False,True,False,
2026-03-14,เสาร์ 14/3,เสาร์,True,199,143,65,2.0,2.0,Walk in,,,,,,True,09:59,10:45,599.0,645.0,46.0,46.0,True,False,10A,10A,1,2,Outdoor,False,True,False,False,True,False,
2026-03-14,เสาร์ 14/3,เสาร์,True,199,143,66,2.0,2.0,Walk in,,,,,,True,10:00,11:27,600.0,687.0,87.0,87.0,True,False,14,14,1,4,Outdoor,False,True,False,False,True,False,
2026-03-14,เสาร์ 14/3,เสาร์,True,199,143,67,2.0,2.0,Walk in,,,,,,True,10:04,11:25,604.0,685.0,81.0,81.0,True,False,6,6_?,1,2,Indoor,False,True,False,False,True,False,DQ04_BARE_TABLE_NO
2026-03-14,เสาร์ 14/3,เสาร์,True,199,143,68,2.0,2.0,Walk in,,,,,,True,10:05,11:21,605.0,681.0,76.0,76.0,True,False,7C,7C,1,2,Outdoor,False,True,False,False,True,False,
2026-03-14,เสาร์ 14/3,เสาร์,True,199,143,69,1.0,1.0,Walk in,,,,,,True,10:11,10:22,611.0,622.0,11.0,11.0,True,False,8A,8A,1,2,Outdoor,False,True,False,False,True,False,
2026-03-14,เสาร์ 14/3,เสาร์,True,199,143,70,2.0,2.0,In house,,,,,,True,10:12,11:00,612.0,660.0,48.0,48.0,True,False,13,13,1,4,Outdoor,False,True,False,False,True,False,
2026-03-14,เสาร์ 14/3,เสาร์,True,199,143,71,2.0,2.0,In house,,,,,,True,10:16,10:38,616.0,638.0,22.0,22.0,True,False,11,11_?,1,2,Outdoor,False,True,False,False,True,False,DQ04_BARE_TABLE_NO
2026-03-14,เสาร์ 14/3,เสาร์,True,199,143,72,1.0,1.0,Walk in,,,,,,True,10:14,11:37,614.0,697.0,83.0,83.0,True,False,5B,5B,1,2,Indoor,False,True,False,False,True,False,
2026-03-14,เสาร์ 14/3,เสาร์,True,199,143,73,1.0,1.0,Walk in,,,,,,True,10:19,10:42,619.0,642.0,23.0,23.0,True,False,16,16,1,4,Outdoor,False,True,False,False,True,False,DQ03_TABLE16_NOT_IN_APPENDIX
2026-03-14,เสาร์ 14/3,เสาร์,True,199,143,74,1.0,1.0,Walk in,,,,,,True,10:23,11:23,623.0,683.0,60.0,60.0,True,False,8B,8B,1,2,Outdoor,False,True,False,False,True,False,
2026-03-14,เสาร์ 14/3,เสาร์,True,199,143,75,2.0,2.0,In house,,,,,,True,10:25,11:05,625.0,665.0,40.0,40.0,True,False,8A,8A,1,2,Outdoor,False,True,False,False,True,False,
2026-03-14,เสาร์ 14/3,เสาร์,True,199,143,76,2.0,2.0,Walk in,,,,,,True,10:26,11:19,626.0,679.0,53.0,53.0,True,False,8C,8C,1,2,Outdoor,False,True,False,False,True,False,
2026-03-14,เสาร์ 14/3,เสาร์,True,199,143,77,2.0,2.0,Walk in,,,,,,True,10:30,12:00,630.0,720.0,90.0,90.0,True,False,7B,7B,1,2,Outdoor,False,True,False,False,True,False,
2026-03-14,เสาร์ 14/3,เสาร์,True,199,143,78,3.0,3.0,Walk in,,,,,,True,10:41,11:54,641.0,714.0,73.0,73.0,True,False,1B-2A,1B|2A,2,4,Indoor,False,True,False,False,True,False,
2026-03-14,เสาร์ 14/3,เสาร์,True,199,143,79,1.0,1.0,Walk in,,,,,,True,11:00,11:29,660.0,689.0,29.0,29.0,True,False,16,16,1,4,Outdoor,False,True,False,False,True,False,DQ03_TABLE16_NOT_IN_APPENDIX
2026-03-14,เสาร์ 14/3,เสาร์,True,199,143,80,2.0,2.0,In house,,,,,,True,11:24,12:25,684.0,745.0,61.0,61.0,True,False,1A,1A,1,2,Indoor,False,True,False,False,True,False,
2026-03-14,เสาร์ 14/3,เสาร์,True,199,143,81,2.0,2.0,Walk in,,,,,,True,11:45,12:31,705.0,751.0,46.0,46.0,True,False,6,6_?,1,2,Indoor,False,True,False,False,True,False,DQ04_BARE_TABLE_NO
2026-03-15,อาทิตย์ 15/3,อาทิตย์,True,199,153,1,2.0,2.0,Walk in,,,,,,True,06:50,08:08,410.0,488.0,78.0,78.0,True,False,10B,10B,1,2,Outdoor,False,True,False,False,True,False,
2026-03-15,อาทิตย์ 15/3,อาทิตย์,True,199,153,2,1.0,1.0,Walk in,,,,,,True,06:53,07:50,413.0,470.0,57.0,57.0,True,False,1,1_?,1,2,Indoor,False,True,False,False,True,False,DQ04_BARE_TABLE_NO
2026-03-15,อาทิตย์ 15/3,อาทิตย์,True,199,153,3,1.0,1.0,Walk in,,,,,,True,06:57,08:45,417.0,525.0,108.0,108.0,True,False,7A,7A,1,2,Outdoor,False,True,False,False,True,False,
2026-03-15,อาทิตย์ 15/3,อาทิตย์,True,199,153,4,3.0,3.0,Walk in,,,,,,True,07:02,08:00,422.0,480.0,58.0,58.0,True,False,3B,3B,1,2,Indoor,False,True,False,False,True,True,DQ16_PAX_OVER_CAPACITY
2026-03-15,อาทิตย์ 15/3,อาทิตย์,True,199,153,5,2.0,2.0,Walk in,,,,,,True,07:12,08:12,432.0,492.0,60.0,60.0,True,False,4A,4A,1,2,Indoor,False,True,False,False,True,False,
2026-03-15,อาทิตย์ 15/3,อาทิตย์,True,199,153,6,2.0,2.0,In house,,,,,,True,07:13,08:05,433.0,485.0,52.0,52.0,True,False,5B,5B,1,2,Indoor,False,True,False,False,True,False,
2026-03-15,อาทิตย์ 15/3,อาทิตย์,True,199,153,7,,0.0,Walk in,,,,,,True,07:15,10:00,435.0,600.0,165.0,165.0,True,False,11A,11A,1,2,Outdoor,False,True,False,False,True,False,DQ13_PAX_ZERO_BUT_SEATED
2026-03-15,อาทิตย์ 15/3,อาทิตย์,True,199,153,8,3.0,3.0,Walk in,,,,,,True,07:35,09:14,455.0,554.0,99.0,99.0,True,False,6,6A|6B,2,4,Indoor,False,True,False,False,True,False,DQ04_BARE_TABLE_NO
2026-03-15,อาทิตย์ 15/3,อาทิตย์,True,199,153,9,1.0,1.0,In house,,,,,,True,07:35,08:00,455.0,480.0,25.0,25.0,True,False,7B,7B,1,2,Outdoor,False,True,False,False,True,False,
2026-03-15,อาทิตย์ 15/3,อาทิตย์,True,199,153,10,3.0,3.0,Walk in,,,,,,True,07:49,09:10,469.0,550.0,81.0,81.0,True,False,2,2A|2B,2,4,Indoor,False,True,False,False,True,False,DQ04_BARE_TABLE_NO
2026-03-15,อาทิตย์ 15/3,อาทิตย์,True,199,153,11,2.0,2.0,Walk in,,,,,,True,07:51,09:27,471.0,567.0,96.0,96.0,True,False,1A,1A,1,2,Indoor,False,True,False,False,True,False,
2026-03-15,อาทิตย์ 15/3,อาทิตย์,True,199,153,12,1.0,1.0,Walk in,,,,,,True,07:59,09:35,479.0,575.0,96.0,96.0,True,False,16,16,1,4,Outdoor,False,True,False,False,True,False,DQ03_TABLE16_NOT_IN_APPENDIX
2026-03-15,อาทิตย์ 15/3,อาทิตย์,True,199,153,13,2.0,2.0,In house,,,,,,True,07:59,08:27,479.0,507.0,28.0,28.0,True,False,8B,8B,1,2,Outdoor,False,True,False,False,True,False,
2026-03-15,อาทิตย์ 15/3,อาทิตย์,True,199,153,14,4.0,4.0,Walk in,,,,,,True,08:00,10:46,480.0,646.0,166.0,166.0,True,False,15,15,1,4,Outdoor,False,True,False,False,True,False,
2026-03-15,อาทิตย์ 15/3,อาทิตย์,True,199,153,15,2.0,2.0,Walk in,,,,,,True,08:02,09:20,482.0,560.0,78.0,78.0,True,False,1B,1B,1,2,Indoor,False,True,False,False,True,False,
2026-03-15,อาทิตย์ 15/3,อาทิตย์,True,199,153,16,1.0,1.0,Walk in,,,,,,True,08:03,09:22,483.0,562.0,79.0,79.0,True,False,8C,8C,1,2,Outdoor,False,True,False,False,True,False,
2026-03-15,อาทิตย์ 15/3,อาทิตย์,True,199,153,17,3.0,3.0,Walk in,,,,,,True,08:04,09:24,484.0,564.0,80.0,80.0,True,False,3B,3B,1,2,Indoor,False,True,False,False,True,True,DQ16_PAX_OVER_CAPACITY
2026-03-15,อาทิตย์ 15/3,อาทิตย์,True,199,153,18,4.0,4.0,In house,,,,,,True,08:05,09:50,485.0,590.0,105.0,105.0,True,False,13-14,13|14,2,8,Outdoor,False,True,False,False,True,False,
2026-03-15,อาทิตย์ 15/3,อาทิตย์,True,199,153,19,2.0,2.0,Walk in,,,,,,True,08:10,10:30,490.0,630.0,140.0,140.0,True,False,4B,4B,1,2,Indoor,False,True,False,False,True,False,
2026-03-15,อาทิตย์ 15/3,อาทิตย์,True,199,153,20,2.0,2.0,Walk in,,,,,,True,08:10,09:54,490.0,594.0,104.0,104.0,True,False,10A,10A,1,2,Outdoor,False,True,False,False,True,False,
2026-03-15,อาทิตย์ 15/3,อาทิตย์,True,199,153,21,,0.0,In house,,,,,,True,08:12,11:05,492.0,665.0,173.0,173.0,True,False,4A,4A,1,2,Indoor,False,True,False,False,True,False,DQ13_PAX_ZERO_BUT_SEATED
2026-03-15,อาทิตย์ 15/3,อาทิตย์,True,199,153,22,2.0,2.0,In house,,,,,,True,08:12,09:50,492.0,590.0,98.0,98.0,True,False,9,9_?,1,2,Outdoor,False,True,False,False,True,False,DQ04_BARE_TABLE_NO
2026-03-15,อาทิตย์ 15/3,อาทิตย์,True,199,153,23,2.0,2.0,Walk in,,,,,,True,09:13,09:42,553.0,582.0,29.0,29.0,True,False,4A,4A,1,2,Indoor,False,True,False,False,True,False,
2026-03-15,อาทิตย์ 15/3,อาทิตย์,True,199,153,24,2.0,2.0,Walk in,,,,,,True,08:14,10:15,494.0,615.0,121.0,121.0,True,False,10B,10B,1,2,Outdoor,False,True,False,False,True,False,
2026-03-15,อาทิตย์ 15/3,อาทิตย์,True,199,153,25,2.0,2.0,Walk in,,,,,,True,08:15,10:07,495.0,607.0,112.0,112.0,True,False,12,12,1,4,Outdoor,False,True,False,False,True,False,
2026-03-15,อาทิตย์ 15/3,อาทิตย์,True,199,153,26,2.0,2.0,Walk in,,,,,,True,08:16,09:33,496.0,573.0,77.0,77.0,True,False,7C,7C,1,2,Outdoor,False,True,False,False,True,False,
2026-03-15,อาทิตย์ 15/3,อาทิตย์,True,199,153,27,2.0,2.0,Walk in,,,,,,True,08:16,09:12,496.0,552.0,56.0,56.0,True,False,7B,7B,1,2,Outdoor,False,True,False,False,True,False,
2026-03-15,อาทิตย์ 15/3,อาทิตย์,True,199,153,28,,0.0,In house,08:16,09:04,496.0,544.0,48.0,True,,,,,,,False,False,,,0,0,,True,False,True,False,False,False,DQ14_PAX_ZERO_WALKAWAY
2026-03-15,อาทิตย์ 15/3,อาทิตย์,True,199,153,29,2.0,2.0,Walk in,08:16,09:05,496.0,545.0,49.0,True,09:05,11:35,545.0,695.0,150.0,150.0,True,False,11B,11B,1,2,Outdoor,True,True,False,True,False,False,
2026-03-15,อาทิตย์ 15/3,อาทิตย์,True,199,153,30,2.0,2.0,In house,08:16,08:29,496.0,509.0,13.0,True,08:29,09:00,509.0,540.0,31.0,31.0,True,False,8B,8B,1,2,Outdoor,True,True,False,True,False,False,
2026-03-15,อาทิตย์ 15/3,อาทิตย์,True,199,153,31,1.0,1.0,In house,08:17,08:45,497.0,525.0,28.0,True,08:45,09:30,525.0,570.0,45.0,45.0,True,False,7A,7A,1,2,Outdoor,True,True,False,True,False,False,
2026-03-15,อาทิตย์ 15/3,อาทิตย์,True,199,153,32,3.0,3.0,Walk in,08:18,09:10,498.0,550.0,52.0,True,09:10,10:33,550.0,633.0,83.0,83.0,True,False,2,2A|2B,2,4,Indoor,True,True,False,True,False,False,DQ04_BARE_TABLE_NO
2026-03-15,อาทิตย์ 15/3,อาทิตย์,True,199,153,33,3.0,3.0,Walk in,08:20,09:13,500.0,553.0,53.0,True,09:13,10:20,553.0,620.0,67.0,67.0,True,False,3,3A|3B,2,4,Indoor,True,True,False,True,False,False,DQ04_BARE_TABLE_NO
2026-03-15,อาทิตย์ 15/3,อาทิตย์,True,199,153,34,2.0,2.0,Walk in,08:30,09:15,510.0,555.0,45.0,True,09:15,09:41,555.0,581.0,26.0,26.0,True,False,7B,7B,1,2,Outdoor,True,True,False,True,False,False,
2026-03-15,อาทิตย์ 15/3,อาทิตย์,True,199,153,35,4.0,4.0,Walk in,08:35,09:16,515.0,556.0,41.0,True,09:16,10:03,556.0,603.0,47.0,47.0,True,False,6,6A|6B,2,4,Indoor,True,True,False,True,False,False,DQ04_BARE_TABLE_NO
2026-03-15,อาทิตย์ 15/3,อาทิตย์,True,199,153,36,4.0,4.0,Walk in,08:40,09:27,520.0,567.0,47.0,True,09:27,10:44,567.0,644.0,77.0,77.0,True,False,4B/5A,4B|5A,2,4,Indoor,True,True,False,True,False,False,DQ06_SEPARATOR
2026-03-15,อาทิตย์ 15/3,อาทิตย์,True,199,153,37,2.0,2.0,In house,08:44,09:20,524.0,560.0,36.0,True,,,,,,,False,False,,,0,0,,True,False,True,False,False,False,
2026-03-15,อาทิตย์ 15/3,อาทิตย์,True,199,153,38,3.0,3.0,Walk in,08:46,09:50,526.0,590.0,64.0,True,09:50,12:00,590.0,720.0,130.0,130.0,True,False,9,9A|9B|9C,3,6,Outdoor,True,True,False,True,False,False,DQ04_BARE_TABLE_NO
2026-03-15,อาทิตย์ 15/3,อาทิตย์,True,199,153,39,1.0,1.0,Walk in,08:48,09:00,528.0,540.0,12.0,True,09:00,10:52,540.0,652.0,112.0,112.0,True,False,8B,8B,1,2,Outdoor,True,True,False,True,False,False,
2026-03-15,อาทิตย์ 15/3,อาทิตย์,True,199,153,40,,0.0,In house,08:50,09:20,530.0,560.0,30.0,True,,,,,,,False,False,,,0,0,,True,False,True,False,False,False,DQ14_PAX_ZERO_WALKAWAY
2026-03-15,อาทิตย์ 15/3,อาทิตย์,True,199,153,41,1.0,1.0,Walk in,08:53,09:25,533.0,565.0,32.0,True,09:25,10:01,565.0,601.0,36.0,36.0,True,False,1B,1B,1,2,Indoor,True,True,False,True,False,False,
2026-03-15,อาทิตย์ 15/3,อาทิตย์,True,199,153,42,1.0,1.0,In house,08:54,09:25,534.0,565.0,31.0,True,09:25,10:05,565.0,605.0,40.0,40.0,True,False,1A,1A,1,2,Indoor,True,True,False,True,False,False,
2026-03-15,อาทิตย์ 15/3,อาทิตย์,True,199,153,43,2.0,2.0,Walk in,08:57,09:25,537.0,565.0,28.0,True,09:25,11:41,565.0,701.0,136.0,136.0,True,False,8C,8C,1,2,Outdoor,True,True,False,True,False,False,
2026-03-15,อาทิตย์ 15/3,อาทิตย์,True,199,153,44,3.0,3.0,Walk in,08:58,09:33,538.0,573.0,35.0,True,09:33,10:44,573.0,644.0,71.0,71.0,True,False,7A,7A,1,2,Outdoor,True,True,False,True,False,True,DQ16_PAX_OVER_CAPACITY
2026-03-15,อาทิตย์ 15/3,อาทิตย์,True,199,153,45,2.0,2.0,Walk in,08:16,09:07,496.0,547.0,51.0,True,09:07,09:47,547.0,587.0,40.0,40.0,True,False,8A,8A,1,2,Outdoor,True,True,False,True,False,False,
2026-03-15,อาทิตย์ 15/3,อาทิตย์,True,199,153,46,2.0,2.0,In house,09:08,09:40,548.0,580.0,32.0,True,09:40,10:13,580.0,613.0,33.0,33.0,True,False,16,16,1,4,Outdoor,True,True,False,True,False,False,DQ03_TABLE16_NOT_IN_APPENDIX
2026-03-15,อาทิตย์ 15/3,อาทิตย์,True,199,153,47,3.0,3.0,Walk in,09:08,10:05,548.0,605.0,57.0,True,10:05,12:00,605.0,720.0,115.0,115.0,True,False,6,6A|6B,2,4,Indoor,True,True,False,True,False,False,DQ04_BARE_TABLE_NO
2026-03-15,อาทิตย์ 15/3,อาทิตย์,True,199,153,48,2.0,2.0,In house,09:10,09:17,550.0,557.0,7.0,True,,,,,,,False,False,,,0,0,,True,False,True,False,False,False,
2026-03-15,อาทิตย์ 15/3,อาทิตย์,True,199,153,49,,0.0,Walk in,09:10,09:55,550.0,595.0,45.0,True,,,,,,,False,False,,,0,0,,True,False,True,False,False,False,DQ14_PAX_ZERO_WALKAWAY
2026-03-15,อาทิตย์ 15/3,อาทิตย์,True,199,153,50,5.0,5.0,Walk in,09:10,09:55,550.0,595.0,45.0,True,09:55,11:25,595.0,685.0,90.0,90.0,True,False,4A/11B,4A|11B,2,4,Mixed,True,True,False,True,False,True,DQ06_SEPARATOR|DQ07_CROSS_ZONE_COMBINE|DQ16_PAX_OVER_CAPACITY
2026-03-15,อาทิตย์ 15/3,อาทิตย์,True,199,153,51,1.0,1.0,In house,09:17,10:05,557.0,605.0,48.0,True,10:05,11:14,605.0,674.0,69.0,69.0,True,False,1A,1A,1,2,Indoor,True,True,False,True,False,False,
2026-03-15,อาทิตย์ 15/3,อาทิตย์,True,199,153,52,3.0,3.0,Walk in,09:25,10:09,565.0,609.0,44.0,True,10:09,11:20,609.0,680.0,71.0,71.0,True,False,12,12,1,4,Outdoor,True,True,False,True,False,False,
2026-03-15,อาทิตย์ 15/3,อาทิตย์,True,199,153,53,3.0,3.0,Walk in,09:25,10:11,565.0,611.0,46.0,True,10:11,11:35,611.0,695.0,84.0,84.0,True,False,11A,11A,1,2,Outdoor,True,True,False,True,False,True,DQ16_PAX_OVER_CAPACITY
2026-03-15,อาทิตย์ 15/3,อาทิตย์,True,199,153,54,5.0,5.0,In house,09:33,10:17,573.0,617.0,44.0,True,10:17,11:00,617.0,660.0,43.0,43.0,True,False,16,16,1,4,Outdoor,True,True,False,True,False,True,DQ03_TABLE16_NOT_IN_APPENDIX|DQ16_PAX_OVER_CAPACITY
2026-03-15,อาทิตย์ 15/3,อาทิตย์,True,199,153,55,4.0,4.0,In house,09:35,10:30,575.0,630.0,55.0,True,,,,,,,False,False,,,0,0,,True,False,True,False,False,False,
2026-03-15,อาทิตย์ 15/3,อาทิตย์,True,199,153,56,2.0,2.0,Walk in,09:36,10:35,576.0,635.0,59.0,True,10:35,11:10,635.0,670.0,35.0,35.0,True,False,2,2_?,1,2,Indoor,True,True,False,True,False,False,DQ04_BARE_TABLE_NO
2026-03-15,อาทิตย์ 15/3,อาทิตย์,True,199,153,57,1.0,1.0,Walk in,09:37,10:45,577.0,645.0,68.0,True,10:45,11:15,645.0,675.0,30.0,30.0,True,False,7A,7A,1,2,Outdoor,True,True,False,True,False,False,
2026-03-15,อาทิตย์ 15/3,อาทิตย์,True,199,153,58,2.0,2.0,Walk in,09:37,09:48,577.0,588.0,11.0,True,,,,,,,False,False,,,0,0,,True,False,True,False,False,False,
2026-03-15,อาทิตย์ 15/3,อาทิตย์,True,199,153,59,2.0,2.0,In house,09:38,10:45,578.0,645.0,67.0,True,10:45,11:30,645.0,690.0,45.0,45.0,True,False,4B/5A,4B|5A,2,4,Indoor,True,True,False,True,False,False,DQ06_SEPARATOR
2026-03-15,อาทิตย์ 15/3,อาทิตย์,True,199,153,60,,0.0,Walk in,09:40,10:48,580.0,648.0,68.0,True,,,,,,,False,False,,,0,0,,True,False,True,False,False,False,DQ14_PAX_ZERO_WALKAWAY
2026-03-15,อาทิตย์ 15/3,อาทิตย์,True,199,153,61,2.0,2.0,Walk in,09:42,10:50,582.0,650.0,68.0,True,10:50,11:55,650.0,715.0,65.0,65.0,True,False,15A,15A,1,2,Outdoor,True,True,False,True,False,False,DQ05_TABLE15_SPLIT
2026-03-15,อาทิตย์ 15/3,อาทิตย์,True,199,153,62,2.0,2.0,Walk in,09:45,10:50,585.0,650.0,65.0,True,10:50,11:26,650.0,686.0,36.0,36.0,True,False,15B,15B,1,2,Outdoor,True,True,False,True,False,False,DQ05_TABLE15_SPLIT
2026-03-15,อาทิตย์ 15/3,อาทิตย์,True,199,153,63,2.0,2.0,In house,09:46,10:55,586.0,655.0,69.0,True,10:55,12:07,655.0,727.0,72.0,72.0,True,False,8B,8B,1,2,Outdoor,True,True,False,True,False,False,
2026-03-15,อาทิตย์ 15/3,อาทิตย์,True,199,153,64,2.0,2.0,Walk in,09:47,11:03,587.0,663.0,76.0,True,11:03,11:43,663.0,703.0,40.0,40.0,True,False,7C,7C,1,2,Outdoor,True,True,False,True,False,False,
2026-03-15,อาทิตย์ 15/3,อาทิตย์,True,199,153,65,2.0,2.0,Walk in,09:57,11:05,597.0,665.0,68.0,True,,,,,,,False,False,,,0,0,,True,False,True,False,False,False,
2026-03-15,อาทิตย์ 15/3,อาทิตย์,True,199,153,66,4.0,4.0,Walk in,10:07,11:05,607.0,665.0,58.0,True,11:05,12:25,665.0,745.0,80.0,80.0,True,False,3,3A|3B,2,4,Indoor,True,True,False,True,False,False,DQ04_BARE_TABLE_NO
2026-03-15,อาทิตย์ 15/3,อาทิตย์,True,199,153,67,2.0,2.0,Walk in,10:15,10:06,615.0,606.0,-9.0,True,10:06,12:06,606.0,726.0,120.0,120.0,True,False,10A,10A,1,2,Outdoor,True,True,False,True,False,False,
2026-03-15,อาทิตย์ 15/3,อาทิตย์,True,199,153,68,2.0,2.0,Walk in,09:10,10:30,550.0,630.0,80.0,True,10:30,12:10,630.0,730.0,100.0,100.0,True,False,5B,5B,1,2,Indoor,True,True,False,True,False,False,
2026-03-15,อาทิตย์ 15/3,อาทิตย์,True,199,153,69,1.0,1.0,Walk in,10:23,11:09,623.0,669.0,46.0,True,11:09,12:20,669.0,740.0,71.0,71.0,True,False,4A,4A,1,2,Indoor,True,True,False,True,False,False,
2026-03-15,อาทิตย์ 15/3,อาทิตย์,True,199,153,70,1.0,1.0,Walk in,10:24,11:09,624.0,669.0,45.0,True,11:09,12:10,669.0,730.0,61.0,61.0,True,False,8A,8A,1,2,Outdoor,True,True,False,True,False,False,
2026-03-15,อาทิตย์ 15/3,อาทิตย์,True,199,153,71,1.0,1.0,Walk in,10:25,11:15,625.0,675.0,50.0,True,,,,,,,False,False,,,0,0,,True,False,True,False,False,False,
2026-03-15,อาทิตย์ 15/3,อาทิตย์,True,199,153,72,1.0,1.0,Walk in,10:40,11:10,640.0,670.0,30.0,True,11:10,11:50,670.0,710.0,40.0,40.0,True,False,2B,2B,1,2,Indoor,True,True,False,True,False,False,
2026-03-15,อาทิตย์ 15/3,อาทิตย์,True,199,153,73,2.0,2.0,Walk in,10:41,11:12,641.0,672.0,31.0,True,11:12,11:43,672.0,703.0,31.0,31.0,True,False,16,16,1,4,Outdoor,True,True,False,True,False,False,DQ03_TABLE16_NOT_IN_APPENDIX
2026-03-15,อาทิตย์ 15/3,อาทิตย์,True,199,153,74,1.0,1.0,Walk in,10:53,11:05,653.0,665.0,12.0,True,,,,,,,False,False,,,0,0,,True,False,True,False,False,False,
2026-03-15,อาทิตย์ 15/3,อาทิตย์,True,199,153,75,3.0,3.0,In house,10:55,11:40,655.0,700.0,45.0,True,11:40,12:30,700.0,750.0,50.0,50.0,True,False,13-14,13|14,2,8,Outdoor,True,True,False,True,False,False,
2026-03-15,อาทิตย์ 15/3,อาทิตย์,True,199,153,76,2.0,2.0,In house,11:00,11:14,660.0,674.0,14.0,True,11:14,11:35,674.0,695.0,21.0,21.0,True,False,2A,2A,1,2,Indoor,True,True,False,True,False,False,
2026-03-15,อาทิตย์ 15/3,อาทิตย์,True,199,153,77,1.0,1.0,In house,11:14,11:15,674.0,675.0,1.0,True,,,,,,,False,False,,,0,0,,True,False,True,False,False,False,
2026-03-15,อาทิตย์ 15/3,อาทิตย์,True,199,153,78,,0.0,Walk in,11:14,11:20,674.0,680.0,6.0,True,,,,,,,False,False,,,0,0,,True,False,True,False,False,False,DQ14_PAX_ZERO_WALKAWAY
2026-03-15,อาทิตย์ 15/3,อาทิตย์,True,199,153,79,2.0,2.0,In house,11:15,11:20,675.0,680.0,5.0,True,11:20,11:55,680.0,715.0,35.0,35.0,True,False,7A,7A,1,2,Outdoor,True,True,False,True,False,False,
2026-03-15,อาทิตย์ 15/3,อาทิตย์,True,199,153,80,2.0,2.0,In house,11:15,11:23,675.0,683.0,8.0,True,11:23,12:20,683.0,740.0,57.0,57.0,True,False,1B,1B,1,2,Indoor,True,True,False,True,False,False,
2026-03-15,อาทิตย์ 15/3,อาทิตย์,True,199,153,81,2.0,2.0,In house,,,,,,True,11:12,12:30,672.0,750.0,78.0,78.0,True,False,12,12,1,4,Outdoor,False,True,False,False,True,False,
2026-03-15,อาทิตย์ 15/3,อาทิตย์,True,199,153,82,1.0,1.0,In house,,,,,,True,11:25,12:00,685.0,720.0,35.0,35.0,True,False,12,12,1,4,Outdoor,False,True,False,False,True,False,
2026-03-15,อาทิตย์ 15/3,อาทิตย์,True,199,153,83,1.0,1.0,In house,11:25,11:27,685.0,687.0,2.0,True,11:27,12:00,687.0,720.0,33.0,33.0,True,False,15B,15B,1,2,Outdoor,True,True,False,True,False,False,DQ05_TABLE15_SPLIT
2026-03-15,อาทิตย์ 15/3,อาทิตย์,True,199,153,84,1.0,1.0,In house,,,,,,True,11:30,12:15,690.0,735.0,45.0,45.0,True,False,4B,4B,1,2,Indoor,False,True,False,False,True,False,
2026-03-15,อาทิตย์ 15/3,อาทิตย์,True,199,153,85,1.0,1.0,Walk in,,,,,,True,11:40,12:30,700.0,750.0,50.0,50.0,True,False,12,12,1,4,Outdoor,False,True,False,False,True,False,
2026-03-15,อาทิตย์ 15/3,อาทิตย์,True,199,153,86,1.0,1.0,In house,,,,,,True,11:45,12:30,705.0,750.0,45.0,45.0,True,False,16,16,1,4,Outdoor,False,True,False,False,True,False,DQ03_TABLE16_NOT_IN_APPENDIX
2026-03-17,อังคาร 17/3,อังคาร,False,159,173,1,1.0,1.0,Walk in,,,,,,False,06:36,09:18,396.0,558.0,162.0,162.0,True,False,10A,10A,1,2,Outdoor,False,True,False,False,True,False,DQ01_NO_QUEUE_DATA_THIS_DAY
2026-03-17,อังคาร 17/3,อังคาร,False,159,173,2,2.0,2.0,Walk in,,,,,,False,06:37,07:47,397.0,467.0,70.0,70.0,True,False,5,5_?,1,2,Indoor,False,True,False,False,True,False,DQ01_NO_QUEUE_DATA_THIS_DAY|DQ04_BARE_TABLE_NO
2026-03-17,อังคาร 17/3,อังคาร,False,159,173,3,1.0,1.0,Walk in,,,,,,False,06:40,09:00,400.0,540.0,140.0,140.0,True,False,6B,6B,1,2,Indoor,False,True,False,False,True,False,DQ01_NO_QUEUE_DATA_THIS_DAY
2026-03-17,อังคาร 17/3,อังคาร,False,159,173,4,1.0,1.0,In house,,,,,,False,06:41,07:21,401.0,441.0,40.0,40.0,True,False,16,16,1,4,Outdoor,False,True,False,False,True,False,DQ01_NO_QUEUE_DATA_THIS_DAY|DQ03_TABLE16_NOT_IN_APPENDIX
2026-03-17,อังคาร 17/3,อังคาร,False,159,173,5,2.0,2.0,Walk in,,,,,,False,06:52,07:54,412.0,474.0,62.0,62.0,True,False,7A,7A,1,2,Outdoor,False,True,False,False,True,False,DQ01_NO_QUEUE_DATA_THIS_DAY
2026-03-17,อังคาร 17/3,อังคาร,False,159,173,6,1.0,1.0,Walk in,,,,,,False,06:58,07:54,418.0,474.0,56.0,56.0,True,False,1A,1A,1,2,Indoor,False,True,False,False,True,False,DQ01_NO_QUEUE_DATA_THIS_DAY
2026-03-17,อังคาร 17/3,อังคาร,False,159,173,7,1.0,1.0,In house,,,,,,False,07:00,07:23,420.0,443.0,23.0,23.0,True,False,1B,1B,1,2,Indoor,False,True,False,False,True,False,DQ01_NO_QUEUE_DATA_THIS_DAY
2026-03-17,อังคาร 17/3,อังคาร,False,159,173,8,4.0,4.0,In house,,,,,,False,07:00,08:34,420.0,514.0,94.0,94.0,True,False,4,4A|4B,2,4,Indoor,False,True,False,False,True,False,DQ01_NO_QUEUE_DATA_THIS_DAY|DQ04_BARE_TABLE_NO
2026-03-17,อังคาร 17/3,อังคาร,False,159,173,9,1.0,1.0,In house,,,,,,False,07:05,07:30,425.0,450.0,25.0,25.0,True,False,8A,8A,1,2,Outdoor,False,True,False,False,True,False,DQ01_NO_QUEUE_DATA_THIS_DAY
2026-03-17,อังคาร 17/3,อังคาร,False,159,173,10,1.0,1.0,In house,,,,,,False,07:12,07:36,432.0,456.0,24.0,24.0,True,False,7B,7B,1,2,Outdoor,False,True,False,False,True,False,DQ01_NO_QUEUE_DATA_THIS_DAY
2026-03-17,อังคาร 17/3,อังคาร,False,159,173,11,2.0,2.0,In house,,,,,,False,07:13,07:56,433.0,476.0,43.0,43.0,True,False,8B,8B,1,2,Outdoor,False,True,False,False,True,False,DQ01_NO_QUEUE_DATA_THIS_DAY
2026-03-17,อังคาร 17/3,อังคาร,False,159,173,12,2.0,2.0,In house,,,,,,False,07:15,07:42,435.0,462.0,27.0,27.0,True,False,12,12,1,4,Outdoor,False,True,False,False,True,False,DQ01_NO_QUEUE_DATA_THIS_DAY
2026-03-17,อังคาร 17/3,อังคาร,False,159,173,13,2.0,2.0,In house,,,,,,False,07:20,07:56,440.0,476.0,36.0,36.0,True,False,4,4_?,1,2,Indoor,False,True,False,False,True,False,DQ01_NO_QUEUE_DATA_THIS_DAY|DQ04_BARE_TABLE_NO
2026-03-17,อังคาร 17/3,อังคาร,False,159,173,14,1.0,1.0,Walk in,,,,,,False,07:30,08:35,450.0,515.0,65.0,65.0,True,False,11A,11A,1,2,Outdoor,False,True,False,False,True,False,DQ01_NO_QUEUE_DATA_THIS_DAY
2026-03-17,อังคาร 17/3,อังคาร,False,159,173,15,1.0,1.0,In house,,,,,,False,07:30,07:41,450.0,461.0,11.0,11.0,True,False,3,3_?,1,2,Indoor,False,True,False,False,True,False,DQ01_NO_QUEUE_DATA_THIS_DAY|DQ04_BARE_TABLE_NO
2026-03-17,อังคาร 17/3,อังคาร,False,159,173,16,2.0,2.0,Walk in,,,,,,False,07:36,07:56,456.0,476.0,20.0,20.0,True,False,1B,1B,1,2,Indoor,False,True,False,False,True,False,DQ01_NO_QUEUE_DATA_THIS_DAY
2026-03-17,อังคาร 17/3,อังคาร,False,159,173,17,1.0,1.0,In house,,,,,,False,07:35,08:02,455.0,482.0,27.0,27.0,True,False,8A,8A,1,2,Outdoor,False,True,False,False,True,False,DQ01_NO_QUEUE_DATA_THIS_DAY
2026-03-17,อังคาร 17/3,อังคาร,False,159,173,18,1.0,1.0,Walk in,,,,,,False,07:37,08:50,457.0,530.0,73.0,73.0,True,False,16,16,1,4,Outdoor,False,True,False,False,True,False,DQ01_NO_QUEUE_DATA_THIS_DAY|DQ03_TABLE16_NOT_IN_APPENDIX
2026-03-17,อังคาร 17/3,อังคาร,False,159,173,19,2.0,2.0,Walk in,,,,,,False,07:40,11:20,460.0,680.0,220.0,220.0,True,False,6,6_?,1,2,Indoor,False,True,False,False,True,False,DQ01_NO_QUEUE_DATA_THIS_DAY|DQ04_BARE_TABLE_NO
2026-03-17,อังคาร 17/3,อังคาร,False,159,173,20,1.0,1.0,Walk in,,,,,,False,07:40,09:25,460.0,565.0,105.0,105.0,True,False,7B,7B,1,2,Outdoor,False,True,False,False,True,False,DQ01_NO_QUEUE_DATA_THIS_DAY
2026-03-17,อังคาร 17/3,อังคาร,False,159,173,21,1.0,1.0,In house,,,,,,False,07:41,07:59,461.0,479.0,18.0,18.0,True,False,7C,7C,1,2,Outdoor,False,True,False,False,True,False,DQ01_NO_QUEUE_DATA_THIS_DAY
2026-03-17,อังคาร 17/3,อังคาร,False,159,173,22,1.0,1.0,In house,,,,,,False,07:46,07:56,466.0,476.0,10.0,10.0,True,False,12,12,1,4,Outdoor,False,True,False,False,True,False,DQ01_NO_QUEUE_DATA_THIS_DAY
2026-03-17,อังคาร 17/3,อังคาร,False,159,173,23,2.0,2.0,In house,,,,,,False,07:48,08:46,468.0,526.0,58.0,58.0,True,False,3,3_?,1,2,Indoor,False,True,False,False,True,False,DQ01_NO_QUEUE_DATA_THIS_DAY|DQ04_BARE_TABLE_NO
2026-03-17,อังคาร 17/3,อังคาร,False,159,173,24,2.0,2.0,Walk in,,,,,,False,07:51,08:21,471.0,501.0,30.0,30.0,True,False,14,14,1,4,Outdoor,False,True,False,False,True,False,DQ01_NO_QUEUE_DATA_THIS_DAY
2026-03-17,อังคาร 17/3,อังคาร,False,159,173,25,6.0,6.0,Walk in,,,,,,False,07:56,08:56,476.0,536.0,60.0,60.0,True,False,4,4A|4B,2,4,Indoor,False,True,False,False,True,True,DQ01_NO_QUEUE_DATA_THIS_DAY|DQ04_BARE_TABLE_NO|DQ16_PAX_OVER_CAPACITY
2026-03-17,อังคาร 17/3,อังคาร,False,159,173,26,2.0,2.0,Walk in,,,,,,False,08:05,09:04,485.0,544.0,59.0,59.0,True,False,1A,1A,1,2,Indoor,False,True,False,False,True,False,DQ01_NO_QUEUE_DATA_THIS_DAY
2026-03-17,อังคาร 17/3,อังคาร,False,159,173,27,2.0,2.0,In house,,,,,,False,08:05,08:52,485.0,532.0,47.0,47.0,True,False,8B,8B,1,2,Outdoor,False,True,False,False,True,False,DQ01_NO_QUEUE_DATA_THIS_DAY
2026-03-17,อังคาร 17/3,อังคาร,False,159,173,28,3.0,3.0,Walk in,,,,,,False,08:06,08:53,486.0,533.0,47.0,47.0,True,False,9,9A|9B|9C,3,6,Outdoor,False,True,False,False,True,False,DQ01_NO_QUEUE_DATA_THIS_DAY|DQ04_BARE_TABLE_NO
2026-03-17,อังคาร 17/3,อังคาร,False,159,173,29,1.0,1.0,Walk in,,,,,,False,08:16,09:29,496.0,569.0,73.0,73.0,True,False,8A,8A,1,2,Outdoor,False,True,False,False,True,False,DQ01_NO_QUEUE_DATA_THIS_DAY
2026-03-17,อังคาร 17/3,อังคาร,False,159,173,30,2.0,2.0,In house,,,,,,False,08:23,09:07,503.0,547.0,44.0,44.0,True,False,12,12,1,4,Outdoor,False,True,False,False,True,False,DQ01_NO_QUEUE_DATA_THIS_DAY
2026-03-17,อังคาร 17/3,อังคาร,False,159,173,31,2.0,2.0,Walk in,,,,,,False,08:24,09:49,504.0,589.0,85.0,85.0,True,False,1B,1B,1,2,Indoor,False,True,False,False,True,False,DQ01_NO_QUEUE_DATA_THIS_DAY
2026-03-17,อังคาร 17/3,อังคาร,False,159,173,32,1.0,1.0,Walk in,,,,,,False,08:33,09:13,513.0,553.0,40.0,40.0,True,False,2B,2B,1,2,Indoor,False,True,False,False,True,False,DQ01_NO_QUEUE_DATA_THIS_DAY
2026-03-17,อังคาร 17/3,อังคาร,False,159,173,33,2.0,2.0,In house,,,,,,False,08:43,09:21,523.0,561.0,38.0,38.0,True,False,7A,7A,1,2,Outdoor,False,True,False,False,True,False,DQ01_NO_QUEUE_DATA_THIS_DAY
2026-03-17,อังคาร 17/3,อังคาร,False,159,173,34,2.0,2.0,Walk in,,,,,,False,08:41,09:31,521.0,571.0,50.0,50.0,True,False,14,14,1,4,Outdoor,False,True,False,False,True,False,DQ01_NO_QUEUE_DATA_THIS_DAY
2026-03-17,อังคาร 17/3,อังคาร,False,159,173,35,1.0,1.0,Walk in,,,,,,False,08:43,09:20,523.0,560.0,37.0,37.0,True,False,8C,8C,1,2,Outdoor,False,True,False,False,True,False,DQ01_NO_QUEUE_DATA_THIS_DAY
2026-03-17,อังคาร 17/3,อังคาร,False,159,173,36,2.0,2.0,In house,,,,,,False,08:50,09:30,530.0,570.0,40.0,40.0,True,False,11B,11B,1,2,Outdoor,False,True,False,False,True,False,DQ01_NO_QUEUE_DATA_THIS_DAY
2026-03-17,อังคาร 17/3,อังคาร,False,159,173,37,1.0,1.0,In house,,,,,,False,08:56,09:12,536.0,552.0,16.0,16.0,True,False,15,15,1,4,Outdoor,False,True,False,False,True,False,DQ01_NO_QUEUE_DATA_THIS_DAY
2026-03-17,อังคาร 17/3,อังคาร,False,159,173,38,1.0,1.0,Walk in,,,,,,False,09:05,09:37,545.0,577.0,32.0,32.0,True,False,16,16,1,4,Outdoor,False,True,False,False,True,False,DQ01_NO_QUEUE_DATA_THIS_DAY|DQ03_TABLE16_NOT_IN_APPENDIX
2026-03-17,อังคาร 17/3,อังคาร,False,159,173,39,2.0,2.0,Walk in,,,,,,False,09:05,11:15,545.0,675.0,130.0,130.0,True,False,4,4_?,1,2,Indoor,False,True,False,False,True,False,DQ01_NO_QUEUE_DATA_THIS_DAY|DQ04_BARE_TABLE_NO
2026-03-17,อังคาร 17/3,อังคาร,False,159,173,40,2.0,2.0,In house,,,,,,False,09:10,10:22,550.0,622.0,72.0,72.0,True,False,8B,8B,1,2,Outdoor,False,True,False,False,True,False,DQ01_NO_QUEUE_DATA_THIS_DAY
2026-03-17,อังคาร 17/3,อังคาร,False,159,173,41,2.0,2.0,Walk in,,,,,,False,09:14,10:23,554.0,623.0,69.0,69.0,True,False,1A,1A,1,2,Indoor,False,True,False,False,True,False,DQ01_NO_QUEUE_DATA_THIS_DAY
2026-03-17,อังคาร 17/3,อังคาร,False,159,173,42,1.0,1.0,Walk in,,,,,,False,09:16,10:46,556.0,646.0,90.0,90.0,True,False,1B,1B,1,2,Indoor,False,True,False,False,True,False,DQ01_NO_QUEUE_DATA_THIS_DAY
2026-03-17,อังคาร 17/3,อังคาร,False,159,173,43,3.0,3.0,In house,,,,,,False,09:30,10:06,570.0,606.0,36.0,36.0,True,False,11,11A|11B,2,4,Outdoor,False,True,False,False,True,False,DQ01_NO_QUEUE_DATA_THIS_DAY|DQ04_BARE_TABLE_NO
2026-03-17,อังคาร 17/3,อังคาร,False,159,173,44,1.0,1.0,In house,,,,,,False,09:32,09:53,572.0,593.0,21.0,21.0,True,False,7A,7A,1,2,Outdoor,False,True,False,False,True,False,DQ01_NO_QUEUE_DATA_THIS_DAY
2026-03-17,อังคาร 17/3,อังคาร,False,159,173,45,3.0,3.0,In house,,,,,,False,09:35,10:23,575.0,623.0,48.0,48.0,True,False,10,10A|10B,2,4,Outdoor,False,True,False,False,True,False,DQ01_NO_QUEUE_DATA_THIS_DAY|DQ04_BARE_TABLE_NO
2026-03-17,อังคาร 17/3,อังคาร,False,159,173,46,1.0,1.0,In house,,,,,,False,08:36,12:13,516.0,733.0,217.0,217.0,True,False,8A,8A,1,2,Outdoor,False,True,False,False,True,False,DQ01_NO_QUEUE_DATA_THIS_DAY
2026-03-17,อังคาร 17/3,อังคาร,False,159,173,47,2.0,2.0,In house,,,,,,False,09:41,10:06,581.0,606.0,25.0,25.0,True,False,2,2_?,1,2,Indoor,False,True,False,False,True,False,DQ01_NO_QUEUE_DATA_THIS_DAY|DQ04_BARE_TABLE_NO
2026-03-17,อังคาร 17/3,อังคาร,False,159,173,48,2.0,2.0,In house,,,,,,False,09:45,10:18,585.0,618.0,33.0,33.0,True,False,16,16,1,4,Outdoor,False,True,False,False,True,False,DQ01_NO_QUEUE_DATA_THIS_DAY|DQ03_TABLE16_NOT_IN_APPENDIX
2026-03-17,อังคาร 17/3,อังคาร,False,159,173,49,2.0,2.0,Walk in,,,,,,False,09:50,11:51,590.0,711.0,121.0,121.0,True,False,4,4_?,1,2,Indoor,False,True,False,False,True,False,DQ01_NO_QUEUE_DATA_THIS_DAY|DQ04_BARE_TABLE_NO
2026-03-17,อังคาร 17/3,อังคาร,False,159,173,50,2.0,2.0,Walk in,,,,,,False,09:52,11:00,592.0,660.0,68.0,68.0,True,False,7A,7A,1,2,Outdoor,False,True,False,False,True,False,DQ01_NO_QUEUE_DATA_THIS_DAY
2026-03-17,อังคาร 17/3,อังคาร,False,159,173,51,2.0,2.0,In house,,,,,,False,09:54,10:54,594.0,654.0,60.0,60.0,True,False,5B,5B,1,2,Indoor,False,True,False,False,True,False,DQ01_NO_QUEUE_DATA_THIS_DAY
2026-03-17,อังคาร 17/3,อังคาร,False,159,173,52,1.0,1.0,In house,,,,,,False,08:54,10:58,534.0,658.0,124.0,124.0,True,False,5A,5A,1,2,Indoor,False,True,False,False,True,False,DQ01_NO_QUEUE_DATA_THIS_DAY
2026-03-17,อังคาร 17/3,อังคาร,False,159,173,53,1.0,1.0,Walk in,,,,,,False,10:09,10:25,609.0,625.0,16.0,16.0,True,False,12,12,1,4,Outdoor,False,True,False,False,True,False,DQ01_NO_QUEUE_DATA_THIS_DAY
2026-03-17,อังคาร 17/3,อังคาร,False,159,173,54,1.0,1.0,In house,,,,,,False,10:10,11:24,610.0,684.0,74.0,74.0,True,False,3,3_?,1,2,Indoor,False,True,False,False,True,False,DQ01_NO_QUEUE_DATA_THIS_DAY|DQ04_BARE_TABLE_NO
2026-03-17,อังคาร 17/3,อังคาร,False,159,173,55,2.0,2.0,Walk in,,,,,,False,10:11,10:43,611.0,643.0,32.0,32.0,True,False,9,9_?,1,2,Outdoor,False,True,False,False,True,False,DQ01_NO_QUEUE_DATA_THIS_DAY|DQ04_BARE_TABLE_NO
2026-03-17,อังคาร 17/3,อังคาร,False,159,173,56,2.0,2.0,Walk in,,,,,,False,10:20,12:15,620.0,735.0,115.0,115.0,True,False,2,2_?,1,2,Indoor,False,True,False,False,True,False,DQ01_NO_QUEUE_DATA_THIS_DAY|DQ04_BARE_TABLE_NO
2026-03-17,อังคาร 17/3,อังคาร,False,159,173,57,1.0,1.0,Walk in,,,,,,False,10:28,11:08,628.0,668.0,40.0,40.0,True,False,1A,1A,1,2,Indoor,False,True,False,False,True,False,DQ01_NO_QUEUE_DATA_THIS_DAY
2026-03-17,อังคาร 17/3,อังคาร,False,159,173,58,3.0,3.0,In house,,,,,,False,10:35,11:23,635.0,683.0,48.0,48.0,True,False,7B/7A,7B|7A,2,4,Outdoor,False,True,False,False,True,False,DQ01_NO_QUEUE_DATA_THIS_DAY|DQ06_SEPARATOR
2026-03-17,อังคาร 17/3,อังคาร,False,159,173,59,2.0,2.0,Walk in,,,,,,False,10:37,11:09,637.0,669.0,32.0,32.0,True,False,10,10_?,1,2,Outdoor,False,True,False,False,True,False,DQ01_NO_QUEUE_DATA_THIS_DAY|DQ04_BARE_TABLE_NO
2026-03-17,อังคาร 17/3,อังคาร,False,159,173,60,3.0,3.0,Walk in,,,,,,False,10:39,12:11,639.0,731.0,92.0,92.0,True,False,15,15,1,4,Outdoor,False,True,False,False,True,False,DQ01_NO_QUEUE_DATA_THIS_DAY
2026-03-17,อังคาร 17/3,อังคาร,False,159,173,61,2.0,2.0,In house,,,,,,False,10:40,11:24,640.0,684.0,44.0,44.0,True,False,14,14,1,4,Outdoor,False,True,False,False,True,False,DQ01_NO_QUEUE_DATA_THIS_DAY
2026-03-17,อังคาร 17/3,อังคาร,False,159,173,62,2.0,2.0,Walk in,,,,,,False,10:44,11:40,644.0,700.0,56.0,56.0,True,False,16,16,1,4,Outdoor,False,True,False,False,True,False,DQ01_NO_QUEUE_DATA_THIS_DAY|DQ03_TABLE16_NOT_IN_APPENDIX
2026-03-17,อังคาร 17/3,อังคาร,False,159,173,63,1.0,1.0,In house,,,,,,False,10:50,11:30,650.0,690.0,40.0,40.0,True,False,8C,8C,1,2,Outdoor,False,True,False,False,True,False,DQ01_NO_QUEUE_DATA_THIS_DAY
2026-03-17,อังคาร 17/3,อังคาร,False,159,173,64,2.0,2.0,Walk in,,,,,,False,11:04,12:02,664.0,722.0,58.0,58.0,True,False,5,5_?,1,2,Indoor,False,True,False,False,True,False,DQ01_NO_QUEUE_DATA_THIS_DAY|DQ04_BARE_TABLE_NO
2026-03-17,อังคาร 17/3,อังคาร,False,159,173,65,1.0,1.0,Walk in,,,,,,False,11:05,11:25,665.0,685.0,20.0,20.0,True,False,6B,6B,1,2,Indoor,False,True,False,False,True,False,DQ01_NO_QUEUE_DATA_THIS_DAY
2026-03-17,อังคาร 17/3,อังคาร,False,159,173,66,1.0,1.0,Walk in,,,,,,False,11:21,11:39,681.0,699.0,18.0,18.0,True,False,7A,7A,1,2,Outdoor,False,True,False,False,True,False,DQ01_NO_QUEUE_DATA_THIS_DAY
2026-03-17,อังคาร 17/3,อังคาร,False,159,173,67,2.0,2.0,In house,,,,,,False,11:24,11:48,684.0,708.0,24.0,24.0,True,False,9,9_?,1,2,Outdoor,False,True,False,False,True,False,DQ01_NO_QUEUE_DATA_THIS_DAY|DQ04_BARE_TABLE_NO
2026-03-17,อังคาร 17/3,อังคาร,False,159,173,68,1.0,1.0,Walk in,,,,,,False,11:23,12:02,683.0,722.0,39.0,39.0,True,False,1,1_?,1,2,Indoor,False,True,False,False,True,False,DQ01_NO_QUEUE_DATA_THIS_DAY|DQ04_BARE_TABLE_NO
2026-03-17,อังคาร 17/3,อังคาร,False,159,173,69,1.0,1.0,In house,,,,,,False,11:43,12:04,703.0,724.0,21.0,21.0,True,False,7B,7B,1,2,Outdoor,False,True,False,False,True,False,DQ01_NO_QUEUE_DATA_THIS_DAY
2026-03-18,พุธ 18/3,พุธ,False,159,183,1,1.0,1.0,Walk in,,,,,,False,06:26,08:42,386.0,522.0,136.0,136.0,True,False,4A,4A,1,2,Indoor,False,True,False,False,True,False,DQ01_NO_QUEUE_DATA_THIS_DAY
2026-03-18,พุธ 18/3,พุธ,False,159,183,2,2.0,2.0,Walk in,,,,,,False,06:44,07:44,404.0,464.0,60.0,60.0,True,False,11,11_?,1,2,Outdoor,False,True,False,False,True,False,DQ01_NO_QUEUE_DATA_THIS_DAY|DQ04_BARE_TABLE_NO
2026-03-18,พุธ 18/3,พุธ,False,159,183,3,1.0,1.0,Walk in,,,,,,False,06:58,08:46,418.0,526.0,108.0,108.0,True,False,7A,7A,1,2,Outdoor,False,True,False,False,True,False,DQ01_NO_QUEUE_DATA_THIS_DAY
2026-03-18,พุธ 18/3,พุธ,False,159,183,4,2.0,2.0,In house,,,,,,False,07:07,07:53,427.0,473.0,46.0,46.0,True,False,16,16,1,4,Outdoor,False,True,False,False,True,False,DQ01_NO_QUEUE_DATA_THIS_DAY|DQ03_TABLE16_NOT_IN_APPENDIX
2026-03-18,พุธ 18/3,พุธ,False,159,183,5,1.0,1.0,In house,,,,,,False,02:29,07:50,149.0,470.0,321.0,,False,False,8A,8A,1,2,Outdoor,False,True,False,False,True,False,DQ01_NO_QUEUE_DATA_THIS_DAY|DQ10_MEALSTART_OUT_OF_HOURS
2026-03-18,พุธ 18/3,พุธ,False,159,183,6,1.0,1.0,In house,,,,,,False,07:34,07:47,454.0,467.0,13.0,13.0,True,False,8C,8C,1,2,Outdoor,False,True,False,False,True,False,DQ01_NO_QUEUE_DATA_THIS_DAY
2026-03-18,พุธ 18/3,พุธ,False,159,183,7,1.0,1.0,In house,,,,,,False,07:35,07:45,455.0,465.0,10.0,10.0,True,False,6,6_?,1,2,Indoor,False,True,False,False,True,False,DQ01_NO_QUEUE_DATA_THIS_DAY|DQ04_BARE_TABLE_NO
2026-03-18,พุธ 18/3,พุธ,False,159,183,8,1.0,1.0,In house,,,,,,False,07:44,07:59,464.0,479.0,15.0,15.0,True,False,10B,10B,1,2,Outdoor,False,True,False,False,True,False,DQ01_NO_QUEUE_DATA_THIS_DAY
2026-03-18,พุธ 18/3,พุธ,False,159,183,9,2.0,2.0,In house,,,,,,False,07:45,08:07,465.0,487.0,22.0,22.0,True,False,1,1_?,1,2,Indoor,False,True,False,False,True,False,DQ01_NO_QUEUE_DATA_THIS_DAY|DQ04_BARE_TABLE_NO
2026-03-18,พุธ 18/3,พุธ,False,159,183,10,2.0,2.0,In house,,,,,,False,07:46,09:27,466.0,567.0,101.0,101.0,True,False,6,6_?,1,2,Indoor,False,True,False,False,True,False,DQ01_NO_QUEUE_DATA_THIS_DAY|DQ04_BARE_TABLE_NO
2026-03-18,พุธ 18/3,พุธ,False,159,183,11,1.0,1.0,In house,,,,,,False,07:49,08:13,469.0,493.0,24.0,24.0,True,False,7B,7B,1,2,Outdoor,False,True,False,False,True,False,DQ01_NO_QUEUE_DATA_THIS_DAY
2026-03-18,พุธ 18/3,พุธ,False,159,183,12,1.0,1.0,Walk in,,,,,,False,07:55,09:21,475.0,561.0,86.0,86.0,True,False,8A,8A,1,2,Outdoor,False,True,False,False,True,False,DQ01_NO_QUEUE_DATA_THIS_DAY
2026-03-18,พุธ 18/3,พุธ,False,159,183,13,1.0,1.0,Walk in,,,,,,False,07:58,08:59,478.0,539.0,61.0,61.0,True,False,4B,4B,1,2,Indoor,False,True,False,False,True,False,DQ01_NO_QUEUE_DATA_THIS_DAY
2026-03-18,พุธ 18/3,พุธ,False,159,183,14,2.0,2.0,Walk in,,,,,,False,08:03,08:35,483.0,515.0,32.0,32.0,True,False,16,16,1,4,Outdoor,False,True,False,False,True,False,DQ01_NO_QUEUE_DATA_THIS_DAY|DQ03_TABLE16_NOT_IN_APPENDIX
2026-03-18,พุธ 18/3,พุธ,False,159,183,15,2.0,2.0,In house,,,,,,False,08:05,08:50,485.0,530.0,45.0,45.0,True,False,10B,10B,1,2,Outdoor,False,True,False,False,True,False,DQ01_NO_QUEUE_DATA_THIS_DAY
2026-03-18,พุธ 18/3,พุธ,False,159,183,16,2.0,2.0,In house,,,,,,False,08:06,08:36,486.0,516.0,30.0,30.0,True,False,11A,11A,1,2,Outdoor,False,True,False,False,True,False,DQ01_NO_QUEUE_DATA_THIS_DAY
2026-03-18,พุธ 18/3,พุธ,False,159,183,17,1.0,1.0,Walk in,,,,,,False,08:15,09:00,495.0,540.0,45.0,45.0,True,False,1A,1A,1,2,Indoor,False,True,False,False,True,False,DQ01_NO_QUEUE_DATA_THIS_DAY
2026-03-18,พุธ 18/3,พุธ,False,159,183,18,1.0,1.0,Walk in,,,,,,False,08:16,09:54,496.0,594.0,98.0,98.0,True,False,1B,1B,1,2,Indoor,False,True,False,False,True,False,DQ01_NO_QUEUE_DATA_THIS_DAY
2026-03-18,พุธ 18/3,พุธ,False,159,183,19,1.0,1.0,Walk in,,,,,,False,08:18,09:37,498.0,577.0,79.0,79.0,True,False,7B,7B,1,2,Outdoor,False,True,False,False,True,False,DQ01_NO_QUEUE_DATA_THIS_DAY
2026-03-18,พุธ 18/3,พุธ,False,159,183,20,2.0,2.0,In house,,,,,,False,08:25,09:05,505.0,545.0,40.0,40.0,True,False,3,3_?,1,2,Indoor,False,True,False,False,True,False,DQ01_NO_QUEUE_DATA_THIS_DAY|DQ04_BARE_TABLE_NO
2026-03-18,พุธ 18/3,พุธ,False,159,183,21,2.0,2.0,In house,,,,,,False,08:28,09:06,508.0,546.0,38.0,38.0,True,False,8B,8B,1,2,Outdoor,False,True,False,False,True,False,DQ01_NO_QUEUE_DATA_THIS_DAY
2026-03-18,พุธ 18/3,พุธ,False,159,183,22,2.0,2.0,Walk in,,,,,,False,08:29,09:19,509.0,559.0,50.0,50.0,True,False,15,15,1,4,Outdoor,False,True,False,False,True,False,DQ01_NO_QUEUE_DATA_THIS_DAY
2026-03-18,พุธ 18/3,พุธ,False,159,183,23,4.0,4.0,In house,,,,,,False,08:30,09:10,510.0,550.0,40.0,40.0,True,False,2,2A|2B,2,4,Indoor,False,True,False,False,True,False,DQ01_NO_QUEUE_DATA_THIS_DAY|DQ04_BARE_TABLE_NO
2026-03-18,พุธ 18/3,พุธ,False,159,183,24,1.0,1.0,Walk in,,,,,,False,08:40,09:29,520.0,569.0,49.0,49.0,True,False,16,16,1,4,Outdoor,False,True,False,False,True,False,DQ01_NO_QUEUE_DATA_THIS_DAY|DQ03_TABLE16_NOT_IN_APPENDIX
2026-03-18,พุธ 18/3,พุธ,False,159,183,25,2.0,2.0,In house,,,,,,False,08:42,09:35,522.0,575.0,53.0,53.0,True,False,11B,11B,1,2,Outdoor,False,True,False,False,True,False,DQ01_NO_QUEUE_DATA_THIS_DAY
2026-03-18,พุธ 18/3,พุธ,False,159,183,26,3.0,3.0,In house,,,,,,False,08:43,08:58,523.0,538.0,15.0,15.0,True,False,5,5A|5B,2,4,Indoor,False,True,False,False,True,False,DQ01_NO_QUEUE_DATA_THIS_DAY|DQ04_BARE_TABLE_NO
2026-03-18,พุธ 18/3,พุธ,False,159,183,27,1.0,1.0,In house,,,,,,False,08:44,09:13,524.0,553.0,29.0,29.0,True,False,7B,7B,1,2,Outdoor,False,True,False,False,True,False,DQ01_NO_QUEUE_DATA_THIS_DAY
2026-03-18,พุธ 18/3,พุธ,False,159,183,28,5.0,5.0,Walk in,,,,,,False,08:47,10:26,527.0,626.0,99.0,99.0,True,False,12/13,12|13,2,8,Outdoor,False,True,False,False,True,False,DQ01_NO_QUEUE_DATA_THIS_DAY|DQ06_SEPARATOR
2026-03-18,พุธ 18/3,พุธ,False,159,183,29,1.0,1.0,Walk in,,,,,,False,08:49,09:25,529.0,565.0,36.0,36.0,True,False,4A,4A,1,2,Indoor,False,True,False,False,True,False,DQ01_NO_QUEUE_DATA_THIS_DAY
2026-03-18,พุธ 18/3,พุธ,False,159,183,30,1.0,1.0,In house,,,,,,False,08:49,10:55,529.0,655.0,126.0,126.0,True,False,7A,7A,1,2,Outdoor,False,True,False,False,True,False,DQ01_NO_QUEUE_DATA_THIS_DAY
2026-03-18,พุธ 18/3,พุธ,False,159,183,31,1.0,1.0,In house,,,,,,False,08:43,09:35,523.0,575.0,52.0,52.0,True,False,14,14,1,4,Outdoor,False,True,False,False,True,False,DQ01_NO_QUEUE_DATA_THIS_DAY
2026-03-18,พุธ 18/3,พุธ,False,159,183,32,2.0,2.0,In house,,,,,,False,09:00,10:00,540.0,600.0,60.0,60.0,True,False,5B,5B,1,2,Indoor,False,True,False,False,True,False,DQ01_NO_QUEUE_DATA_THIS_DAY
2026-03-18,พุธ 18/3,พุธ,False,159,183,33,1.0,1.0,Walk in,,,,,,False,09:08,10:03,548.0,603.0,55.0,55.0,True,False,8B,8B,1,2,Outdoor,False,True,False,False,True,False,DQ01_NO_QUEUE_DATA_THIS_DAY
2026-03-18,พุธ 18/3,พุธ,False,159,183,34,2.0,2.0,In house,,,,,,False,09:11,10:11,551.0,611.0,60.0,60.0,True,False,1A,1A,1,2,Indoor,False,True,False,False,True,False,DQ01_NO_QUEUE_DATA_THIS_DAY
2026-03-18,พุธ 18/3,พุธ,False,159,183,35,4.0,4.0,Walk in,,,,,,False,09:12,10:08,552.0,608.0,56.0,56.0,True,False,9,9A|9B|9C,3,6,Outdoor,False,True,False,False,True,False,DQ01_NO_QUEUE_DATA_THIS_DAY|DQ04_BARE_TABLE_NO
2026-03-18,พุธ 18/3,พุธ,False,159,183,36,2.0,2.0,Walk in,,,,,,False,09:13,10:05,553.0,605.0,52.0,52.0,True,False,3,3_?,1,2,Indoor,False,True,False,False,True,False,DQ01_NO_QUEUE_DATA_THIS_DAY|DQ04_BARE_TABLE_NO
2026-03-18,พุธ 18/3,พุธ,False,159,183,37,2.0,2.0,Walk in,,,,,,False,09:20,09:54,560.0,594.0,34.0,34.0,True,False,4B/5A,4B|5A,2,4,Indoor,False,True,False,False,True,False,DQ01_NO_QUEUE_DATA_THIS_DAY|DQ06_SEPARATOR
2026-03-18,พุธ 18/3,พุธ,False,159,183,38,2.0,2.0,Walk in,,,,,,False,09:22,10:15,562.0,615.0,53.0,53.0,True,False,15,15,1,4,Outdoor,False,True,False,False,True,False,DQ01_NO_QUEUE_DATA_THIS_DAY
2026-03-18,พุธ 18/3,พุธ,False,159,183,39,1.0,1.0,Walk in,,,,,,False,09:37,10:46,577.0,646.0,69.0,69.0,True,False,4A,4A,1,2,Indoor,False,True,False,False,True,False,DQ01_NO_QUEUE_DATA_THIS_DAY
2026-03-18,พุธ 18/3,พุธ,False,159,183,40,1.0,1.0,Walk in,,,,,,False,09:47,12:10,587.0,730.0,143.0,143.0,True,False,6B,6B,1,2,Indoor,False,True,False,False,True,False,DQ01_NO_QUEUE_DATA_THIS_DAY
2026-03-18,พุธ 18/3,พุธ,False,159,183,41,1.0,1.0,Walk in,,,,,,False,09:48,10:45,588.0,645.0,57.0,57.0,True,False,6A,6A,1,2,Indoor,False,True,False,False,True,False,DQ01_NO_QUEUE_DATA_THIS_DAY
2026-03-18,พุธ 18/3,พุธ,False,159,183,42,4.0,4.0,Walk in,,,,,,False,09:49,11:41,589.0,701.0,112.0,112.0,True,False,2,2A|2B,2,4,Indoor,False,True,False,False,True,False,DQ01_NO_QUEUE_DATA_THIS_DAY|DQ04_BARE_TABLE_NO
2026-03-18,พุธ 18/3,พุธ,False,159,183,43,2.0,2.0,Walk in,,,,,,False,09:56,10:45,596.0,645.0,49.0,49.0,True,False,16,16,1,4,Outdoor,False,True,False,False,True,False,DQ01_NO_QUEUE_DATA_THIS_DAY|DQ03_TABLE16_NOT_IN_APPENDIX
2026-03-18,พุธ 18/3,พุธ,False,159,183,44,2.0,2.0,In house,,,,,,False,09:58,10:17,598.0,617.0,19.0,19.0,True,False,7B,7B,1,2,Outdoor,False,True,False,False,True,False,DQ01_NO_QUEUE_DATA_THIS_DAY
2026-03-18,พุธ 18/3,พุธ,False,159,183,45,2.0,2.0,In house,,,,,,False,09:59,10:28,599.0,628.0,29.0,29.0,True,False,14,14,1,4,Outdoor,False,True,False,False,True,False,DQ01_NO_QUEUE_DATA_THIS_DAY
2026-03-18,พุธ 18/3,พุธ,False,159,183,46,2.0,2.0,In house,,,,,,False,10:03,10:49,603.0,649.0,46.0,46.0,True,False,1B,1B,1,2,Indoor,False,True,False,False,True,False,DQ01_NO_QUEUE_DATA_THIS_DAY
2026-03-18,พุธ 18/3,พุธ,False,159,183,47,3.0,3.0,In house,,,,,,False,10:05,11:02,605.0,662.0,57.0,57.0,True,False,4B/5A,4B|5A,2,4,Indoor,False,True,False,False,True,False,DQ01_NO_QUEUE_DATA_THIS_DAY|DQ06_SEPARATOR
2026-03-18,พุธ 18/3,พุธ,False,159,183,48,2.0,2.0,In house,,,,,,False,10:10,10:52,610.0,652.0,42.0,42.0,True,False,11A,11A,1,2,Outdoor,False,True,False,False,True,False,DQ01_NO_QUEUE_DATA_THIS_DAY
2026-03-18,พุธ 18/3,พุธ,False,159,183,49,2.0,2.0,Walk in,,,,,,False,10:16,11:02,616.0,662.0,46.0,46.0,True,False,8A,8A,1,2,Outdoor,False,True,False,False,True,False,DQ01_NO_QUEUE_DATA_THIS_DAY
2026-03-18,พุธ 18/3,พุธ,False,159,183,50,1.0,1.0,Walk in,,,,,,False,10:19,11:30,619.0,690.0,71.0,71.0,True,False,1A,1A,1,2,Indoor,False,True,False,False,True,False,DQ01_NO_QUEUE_DATA_THIS_DAY
2026-03-18,พุธ 18/3,พุธ,False,159,183,51,4.0,4.0,Walk in,,,,,,False,10:28,12:15,628.0,735.0,107.0,107.0,True,False,9,9A|9B|9C,3,6,Outdoor,False,True,False,False,True,False,DQ01_NO_QUEUE_DATA_THIS_DAY|DQ04_BARE_TABLE_NO
2026-03-18,พุธ 18/3,พุธ,False,159,183,52,1.0,1.0,In house,,,,,,False,10:30,11:28,630.0,688.0,58.0,58.0,True,False,14,14,1,4,Outdoor,False,True,False,False,True,False,DQ01_NO_QUEUE_DATA_THIS_DAY
2026-03-18,พุธ 18/3,พุธ,False,159,183,53,1.0,1.0,In house,,,,,,False,10:30,11:13,630.0,673.0,43.0,43.0,True,False,8C,8C,1,2,Outdoor,False,True,False,False,True,False,DQ01_NO_QUEUE_DATA_THIS_DAY
2026-03-18,พุธ 18/3,พุธ,False,159,183,54,2.0,2.0,Walk in,,,,,,False,10:36,11:50,636.0,710.0,74.0,74.0,True,False,7B,7B,1,2,Outdoor,False,True,False,False,True,False,DQ01_NO_QUEUE_DATA_THIS_DAY
2026-03-18,พุธ 18/3,พุธ,False,159,183,55,1.0,1.0,In house,,,,,,False,10:38,11:58,638.0,718.0,80.0,80.0,True,False,10B,10B,1,2,Outdoor,False,True,False,False,True,False,DQ01_NO_QUEUE_DATA_THIS_DAY
2026-03-18,พุธ 18/3,พุธ,False,159,183,56,2.0,2.0,Walk in,,,,,,False,10:34,11:24,634.0,684.0,50.0,50.0,True,False,15,15,1,4,Outdoor,False,True,False,False,True,False,DQ01_NO_QUEUE_DATA_THIS_DAY
2026-03-18,พุธ 18/3,พุธ,False,159,183,57,2.0,2.0,In house,,,,,,False,10:35,11:12,635.0,672.0,37.0,37.0,True,False,3,3_?,1,2,Indoor,False,True,False,False,True,False,DQ01_NO_QUEUE_DATA_THIS_DAY|DQ04_BARE_TABLE_NO
2026-03-18,พุธ 18/3,พุธ,False,159,183,58,1.0,1.0,Walk in,,,,,,False,10:39,13:30,639.0,810.0,171.0,171.0,True,True,1B,1B,1,2,Indoor,False,True,False,False,True,False,DQ01_NO_QUEUE_DATA_THIS_DAY|DQ11_DURATION_CENSORED
2026-03-18,พุธ 18/3,พุธ,False,159,183,59,3.0,3.0,Walk in,,,,,,False,10:41,11:40,641.0,700.0,59.0,59.0,True,False,12/13,12|13,2,8,Outdoor,False,True,False,False,True,False,DQ01_NO_QUEUE_DATA_THIS_DAY|DQ06_SEPARATOR
2026-03-18,พุธ 18/3,พุธ,False,159,183,60,2.0,2.0,Walk in,,,,,,False,10:54,11:58,654.0,718.0,64.0,64.0,True,False,16,16,1,4,Outdoor,False,True,False,False,True,False,DQ01_NO_QUEUE_DATA_THIS_DAY|DQ03_TABLE16_NOT_IN_APPENDIX
2026-03-18,พุธ 18/3,พุธ,False,159,183,61,1.0,1.0,Walk in,,,,,,False,10:56,11:39,656.0,699.0,43.0,43.0,True,False,4A,4A,1,2,Indoor,False,True,False,False,True,False,DQ01_NO_QUEUE_DATA_THIS_DAY
2026-03-18,พุธ 18/3,พุธ,False,159,183,62,1.0,1.0,In house,,,,,,False,11:53,11:28,713.0,688.0,-25.0,,False,False,5B,5B,1,2,Indoor,False,True,False,False,True,False,DQ01_NO_QUEUE_DATA_THIS_DAY|DQ09_MEALEND_BEFORE_START
2026-03-18,พุธ 18/3,พุธ,False,159,183,63,2.0,2.0,In house,,,,,,False,11:00,11:59,660.0,719.0,59.0,59.0,True,False,7A,7A,1,2,Outdoor,False,True,False,False,True,False,DQ01_NO_QUEUE_DATA_THIS_DAY
2026-03-18,พุธ 18/3,พุธ,False,159,183,64,1.0,1.0,Walk in,,,,,,False,11:08,11:44,668.0,704.0,36.0,36.0,True,False,8A,8A,1,2,Outdoor,False,True,False,False,True,False,DQ01_NO_QUEUE_DATA_THIS_DAY
2026-03-18,พุธ 18/3,พุธ,False,159,183,65,3.0,3.0,In house,,,,,,False,11:10,12:14,670.0,734.0,64.0,64.0,True,False,11A/11B,11A|11B,2,4,Outdoor,False,True,False,False,True,False,DQ01_NO_QUEUE_DATA_THIS_DAY|DQ06_SEPARATOR
2026-03-18,พุธ 18/3,พุธ,False,159,183,66,2.0,2.0,In house,,,,,,False,11:28,11:51,688.0,711.0,23.0,23.0,True,False,15,15,1,4,Outdoor,False,True,False,False,True,False,DQ01_NO_QUEUE_DATA_THIS_DAY
2026-03-18,พุธ 18/3,พุธ,False,159,183,67,1.0,1.0,In house,,,,,,False,11:29,12:14,689.0,734.0,45.0,45.0,True,False,7C,7C,1,2,Outdoor,False,True,False,False,True,False,DQ01_NO_QUEUE_DATA_THIS_DAY
2026-03-18,พุธ 18/3,พุธ,False,159,183,68,1.0,1.0,Walk in,,,,,,False,11:39,13:30,699.0,810.0,111.0,111.0,True,True,4,4_?,1,2,Indoor,False,True,False,False,True,False,DQ01_NO_QUEUE_DATA_THIS_DAY|DQ04_BARE_TABLE_NO|DQ11_DURATION_CENSORED
2026-03-18,พุธ 18/3,พุธ,False,159,183,69,1.0,1.0,In house,,,,,,False,11:40,11:54,700.0,714.0,14.0,14.0,True,False,8B,8B,1,2,Outdoor,False,True,False,False,True,False,DQ01_NO_QUEUE_DATA_THIS_DAY
2026-03-18,พุธ 18/3,พุธ,False,159,183,70,1.0,1.0,In house,,,,,,False,11:43,12:20,703.0,740.0,37.0,37.0,True,False,5A,5A,1,2,Indoor,False,True,False,False,True,False,DQ01_NO_QUEUE_DATA_THIS_DAY
