date,day_label,sheet,service_no,unit,unit_base,zone,is_inferred_side,pax,guest_type,meal_start_min,meal_end_min,duration_min_clean,dq_flags,overlap_conflict
2026-03-13,ศุกร์ 13/3,133,1,6_?,6,Indoor,True,1.0,In house,402.0,420.0,18.0,DQ01_NO_QUEUE_DATA_THIS_DAY|DQ04_BARE_TABLE_NO,False
2026-03-13,ศุกร์ 13/3,133,2,2_?,2,Indoor,True,2.0,Walk in,404.0,430.0,26.0,DQ01_NO_QUEUE_DATA_THIS_DAY|DQ04_BARE_TABLE_NO,False
2026-03-13,ศุกร์ 13/3,133,3,7A,7A,Outdoor,False,2.0,Walk in,425.0,488.0,63.0,DQ01_NO_QUEUE_DATA_THIS_DAY,False
2026-03-13,ศุกร์ 13/3,133,4,8A,8A,Outdoor,False,1.0,In house,440.0,498.0,58.0,DQ01_NO_QUEUE_DATA_THIS_DAY,False
2026-03-13,ศุกร์ 13/3,133,5,10A,10A,Outdoor,False,1.0,In house,445.0,465.0,20.0,DQ01_NO_QUEUE_DATA_THIS_DAY,False
2026-03-13,ศุกร์ 13/3,133,6,8B,8B,Outdoor,False,1.0,In house,448.0,500.0,52.0,DQ01_NO_QUEUE_DATA_THIS_DAY,False
2026-03-13,ศุกร์ 13/3,133,7,9_?,9,Outdoor,True,1.0,In house,453.0,485.0,32.0,DQ01_NO_QUEUE_DATA_THIS_DAY|DQ04_BARE_TABLE_NO,False
2026-03-13,ศุกร์ 13/3,133,8,4A,4A,Indoor,False,5.0,Walk in,462.0,520.0,58.0,DQ01_NO_QUEUE_DATA_THIS_DAY|DQ04_BARE_TABLE_NO|DQ16_PAX_OVER_CAPACITY,False
2026-03-13,ศุกร์ 13/3,133,8,4B,4B,Indoor,False,5.0,Walk in,462.0,520.0,58.0,DQ01_NO_QUEUE_DATA_THIS_DAY|DQ04_BARE_TABLE_NO|DQ16_PAX_OVER_CAPACITY,False
2026-03-13,ศุกร์ 13/3,133,9,11A,11A,Outdoor,False,4.0,In house,468.0,501.0,33.0,DQ01_NO_QUEUE_DATA_THIS_DAY|DQ04_BARE_TABLE_NO,False
2026-03-13,ศุกร์ 13/3,133,9,11B,11B,Outdoor,False,4.0,In house,468.0,501.0,33.0,DQ01_NO_QUEUE_DATA_THIS_DAY|DQ04_BARE_TABLE_NO,False
2026-03-13,ศุกร์ 13/3,133,10,16,16,Outdoor,False,2.0,In house,468.0,515.0,47.0,DQ01_NO_QUEUE_DATA_THIS_DAY|DQ03_TABLE16_NOT_IN_APPENDIX,False
2026-03-13,ศุกร์ 13/3,133,11,6_?,6,Indoor,True,2.0,Walk in,470.0,528.0,58.0,DQ01_NO_QUEUE_DATA_THIS_DAY|DQ04_BARE_TABLE_NO,False
2026-03-13,ศุกร์ 13/3,133,12,7B,7B,Outdoor,False,1.0,In house,476.0,495.0,19.0,DQ01_NO_QUEUE_DATA_THIS_DAY,False
2026-03-13,ศุกร์ 13/3,133,13,10A,10A,Outdoor,False,1.0,In house,479.0,515.0,36.0,DQ01_NO_QUEUE_DATA_THIS_DAY,False
2026-03-13,ศุกร์ 13/3,133,14,1_?,1,Indoor,True,1.0,Walk in,480.0,559.0,79.0,DQ01_NO_QUEUE_DATA_THIS_DAY|DQ04_BARE_TABLE_NO,False
2026-03-13,ศุกร์ 13/3,133,15,8C,8C,Outdoor,False,1.0,Walk in,483.0,507.0,24.0,DQ01_NO_QUEUE_DATA_THIS_DAY,False
2026-03-13,ศุกร์ 13/3,133,16,12,12,Outdoor,False,2.0,In house,485.0,505.0,20.0,DQ01_NO_QUEUE_DATA_THIS_DAY,False
2026-03-13,ศุกร์ 13/3,133,17,14,14,Outdoor,False,1.0,In house,494.0,543.0,49.0,DQ01_NO_QUEUE_DATA_THIS_DAY,False
2026-03-13,ศุกร์ 13/3,133,18,7A,7A,Outdoor,False,2.0,Walk in,495.0,570.0,75.0,DQ01_NO_QUEUE_DATA_THIS_DAY,False
2026-03-13,ศุกร์ 13/3,133,19,15A,15A,Outdoor,False,1.0,In house,496.0,545.0,49.0,DQ01_NO_QUEUE_DATA_THIS_DAY|DQ05_TABLE15_SPLIT,False
2026-03-13,ศุกร์ 13/3,133,20,10B,10B,Outdoor,False,1.0,In house,499.0,515.0,16.0,DQ01_NO_QUEUE_DATA_THIS_DAY,False
2026-03-13,ศุกร์ 13/3,133,21,3A,3A,Indoor,False,4.0,Walk in,504.0,646.0,142.0,DQ01_NO_QUEUE_DATA_THIS_DAY|DQ04_BARE_TABLE_NO,False
2026-03-13,ศุกร์ 13/3,133,21,3B,3B,Indoor,False,4.0,Walk in,504.0,646.0,142.0,DQ01_NO_QUEUE_DATA_THIS_DAY|DQ04_BARE_TABLE_NO,False
2026-03-13,ศุกร์ 13/3,133,22,5_?,5,Indoor,True,2.0,In house,505.0,562.0,57.0,DQ01_NO_QUEUE_DATA_THIS_DAY|DQ04_BARE_TABLE_NO,False
2026-03-13,ศุกร์ 13/3,133,23,2_?,2,Indoor,True,2.0,Walk in,505.0,612.0,107.0,DQ01_NO_QUEUE_DATA_THIS_DAY|DQ04_BARE_TABLE_NO,False
2026-03-13,ศุกร์ 13/3,133,24,8A,8A,Outdoor,False,1.0,Walk in,513.0,570.0,57.0,DQ01_NO_QUEUE_DATA_THIS_DAY,True
2026-03-13,ศุกร์ 13/3,133,25,11A,11A,Outdoor,False,1.0,Walk in,521.0,565.0,44.0,DQ01_NO_QUEUE_DATA_THIS_DAY,False
2026-03-13,ศุกร์ 13/3,133,26,16,16,Outdoor,False,1.0,Walk in,523.0,575.0,52.0,DQ01_NO_QUEUE_DATA_THIS_DAY|DQ03_TABLE16_NOT_IN_APPENDIX,False
2026-03-13,ศุกร์ 13/3,133,27,12,12,Outdoor,False,1.0,In house,527.0,558.0,31.0,DQ01_NO_QUEUE_DATA_THIS_DAY,False
2026-03-13,ศุกร์ 13/3,133,28,10A,10A,Outdoor,False,2.0,In house,533.0,568.0,35.0,DQ01_NO_QUEUE_DATA_THIS_DAY,False
2026-03-13,ศุกร์ 13/3,133,29,7B,7B,Outdoor,False,1.0,In house,533.0,553.0,20.0,DQ01_NO_QUEUE_DATA_THIS_DAY,False
2026-03-13,ศุกร์ 13/3,133,30,6A,6A,Indoor,False,3.0,In house,540.0,573.0,33.0,DQ01_NO_QUEUE_DATA_THIS_DAY|DQ04_BARE_TABLE_NO,False
2026-03-13,ศุกร์ 13/3,133,30,6B,6B,Indoor,False,3.0,In house,540.0,573.0,33.0,DQ01_NO_QUEUE_DATA_THIS_DAY|DQ04_BARE_TABLE_NO,False
2026-03-13,ศุกร์ 13/3,133,31,4_?,4,Indoor,True,2.0,Walk in,545.0,600.0,55.0,DQ01_NO_QUEUE_DATA_THIS_DAY|DQ04_BARE_TABLE_NO,False
2026-03-13,ศุกร์ 13/3,133,32,8B,8B,Outdoor,False,2.0,In house,545.0,579.0,34.0,DQ01_NO_QUEUE_DATA_THIS_DAY,False
2026-03-13,ศุกร์ 13/3,133,33,15A,15A,Outdoor,False,2.0,Walk in,547.0,607.0,60.0,DQ01_NO_QUEUE_DATA_THIS_DAY|DQ05_TABLE15_SPLIT,False
2026-03-13,ศุกร์ 13/3,133,34,8A,8A,Outdoor,False,2.0,In house,548.0,609.0,61.0,DQ01_NO_QUEUE_DATA_THIS_DAY,True
2026-03-13,ศุกร์ 13/3,133,35,8_?,8,Outdoor,True,2.0,Walk in,556.0,606.0,50.0,DQ01_NO_QUEUE_DATA_THIS_DAY|DQ04_BARE_TABLE_NO,False
2026-03-13,ศุกร์ 13/3,133,36,12,12,Outdoor,False,1.0,In house,563.0,597.0,34.0,DQ01_NO_QUEUE_DATA_THIS_DAY,False
2026-03-13,ศุกร์ 13/3,133,37,7C,7C,Outdoor,False,1.0,In house,508.0,570.0,62.0,DQ01_NO_QUEUE_DATA_THIS_DAY,False
2026-03-13,ศุกร์ 13/3,133,38,11A,11A,Outdoor,False,1.0,In house,570.0,605.0,35.0,DQ01_NO_QUEUE_DATA_THIS_DAY,False
2026-03-13,ศุกร์ 13/3,133,39,1A,1A,Indoor,False,3.0,In house,576.0,650.0,74.0,DQ01_NO_QUEUE_DATA_THIS_DAY|DQ04_BARE_TABLE_NO,False
2026-03-13,ศุกร์ 13/3,133,39,1B,1B,Indoor,False,3.0,In house,576.0,650.0,74.0,DQ01_NO_QUEUE_DATA_THIS_DAY|DQ04_BARE_TABLE_NO,False
2026-03-13,ศุกร์ 13/3,133,40,5_?,5,Indoor,True,2.0,Walk in,574.0,640.0,66.0,DQ01_NO_QUEUE_DATA_THIS_DAY|DQ04_BARE_TABLE_NO,False
2026-03-13,ศุกร์ 13/3,133,41,6_?,6,Indoor,True,2.0,In house,582.0,630.0,48.0,DQ01_NO_QUEUE_DATA_THIS_DAY|DQ04_BARE_TABLE_NO,False
2026-03-13,ศุกร์ 13/3,133,42,7A,7A,Outdoor,False,1.0,Walk in,593.0,660.0,67.0,DQ01_NO_QUEUE_DATA_THIS_DAY,False
2026-03-13,ศุกร์ 13/3,133,43,16,16,Outdoor,False,2.0,In house,595.0,634.0,39.0,DQ01_NO_QUEUE_DATA_THIS_DAY|DQ03_TABLE16_NOT_IN_APPENDIX,False
2026-03-13,ศุกร์ 13/3,133,44,7B,7B,Outdoor,False,2.0,In house,603.0,635.0,32.0,DQ01_NO_QUEUE_DATA_THIS_DAY,False
2026-03-13,ศุกร์ 13/3,133,45,12,12,Outdoor,False,2.0,In house,605.0,666.0,61.0,DQ01_NO_QUEUE_DATA_THIS_DAY,False
2026-03-13,ศุกร์ 13/3,133,46,10A,10A,Outdoor,False,2.0,In house,608.0,650.0,42.0,DQ01_NO_QUEUE_DATA_THIS_DAY,False
2026-03-13,ศุกร์ 13/3,133,47,8B,8B,Outdoor,False,2.0,Walk in,610.0,670.0,60.0,DQ01_NO_QUEUE_DATA_THIS_DAY,False
2026-03-13,ศุกร์ 13/3,133,48,4_?,4,Indoor,True,2.0,In house,620.0,657.0,37.0,DQ01_NO_QUEUE_DATA_THIS_DAY|DQ04_BARE_TABLE_NO,False
2026-03-13,ศุกร์ 13/3,133,49,2_?,2,Indoor,True,2.0,Walk in,632.0,660.0,28.0,DQ01_NO_QUEUE_DATA_THIS_DAY|DQ04_BARE_TABLE_NO,False
2026-03-13,ศุกร์ 13/3,133,50,6_?,6,Indoor,True,2.0,Walk in,635.0,680.0,45.0,DQ01_NO_QUEUE_DATA_THIS_DAY|DQ04_BARE_TABLE_NO,False
2026-03-13,ศุกร์ 13/3,133,51,5_?,5,Indoor,True,2.0,In house,645.0,687.0,42.0,DQ01_NO_QUEUE_DATA_THIS_DAY|DQ04_BARE_TABLE_NO,False
2026-03-13,ศุกร์ 13/3,133,52,9_?,9,Outdoor,True,2.0,Walk in,653.0,717.0,64.0,DQ01_NO_QUEUE_DATA_THIS_DAY|DQ04_BARE_TABLE_NO,False
2026-03-13,ศุกร์ 13/3,133,53,1_?,1,Indoor,True,2.0,Walk in,658.0,717.0,59.0,DQ01_NO_QUEUE_DATA_THIS_DAY|DQ04_BARE_TABLE_NO,False
2026-03-13,ศุกร์ 13/3,133,54,4_?,4,Indoor,True,2.0,Walk in,660.0,723.0,63.0,DQ01_NO_QUEUE_DATA_THIS_DAY|DQ04_BARE_TABLE_NO,False
2026-03-13,ศุกร์ 13/3,133,55,16,16,Outdoor,False,2.0,Walk in,660.0,705.0,45.0,DQ01_NO_QUEUE_DATA_THIS_DAY|DQ03_TABLE16_NOT_IN_APPENDIX,False
2026-03-13,ศุกร์ 13/3,133,56,3_?,3,Indoor,True,2.0,In house,675.0,703.0,28.0,DQ01_NO_QUEUE_DATA_THIS_DAY|DQ04_BARE_TABLE_NO,False
2026-03-13,ศุกร์ 13/3,133,57,2_?,2,Indoor,True,2.0,Walk in,676.0,720.0,44.0,DQ01_NO_QUEUE_DATA_THIS_DAY|DQ04_BARE_TABLE_NO,False
2026-03-14,เสาร์ 14/3,143,1,5B,5B,Indoor,False,1.0,Walk in,389.0,614.0,225.0,,False
2026-03-14,เสาร์ 14/3,143,2,7A,7A,Outdoor,False,2.0,Walk in,392.0,482.0,90.0,,False
2026-03-14,เสาร์ 14/3,143,3,1A,1A,Indoor,False,1.0,Walk in,393.0,467.0,74.0,,False
2026-03-14,เสาร์ 14/3,143,4,4B,4B,Indoor,False,4.0,Walk in,393.0,489.0,96.0,DQ16_PAX_OVER_CAPACITY,False
2026-03-14,เสาร์ 14/3,143,5,16,16,Outdoor,False,2.0,Walk in,396.0,465.0,69.0,DQ03_TABLE16_NOT_IN_APPENDIX,False
2026-03-14,เสาร์ 14/3,143,6,3_?,3,Indoor,True,1.0,Walk in,404.0,436.0,32.0,DQ04_BARE_TABLE_NO,False
2026-03-14,เสาร์ 14/3,143,7,6_?,6,Indoor,True,1.0,Walk in,404.0,507.0,103.0,DQ04_BARE_TABLE_NO,False
2026-03-14,เสาร์ 14/3,143,8,11_?,11,Outdoor,True,1.0,Walk in,404.0,468.0,64.0,DQ04_BARE_TABLE_NO,False
2026-03-14,เสาร์ 14/3,143,9,4A,4A,Indoor,False,2.0,Walk in,408.0,470.0,62.0,,False
2026-03-14,เสาร์ 14/3,143,10,3B,3B,Indoor,False,1.0,Walk in,437.0,566.0,129.0,,True
2026-03-14,เสาร์ 14/3,143,11,11_?,11,Outdoor,True,1.0,Walk in,428.0,470.0,42.0,DQ04_BARE_TABLE_NO,False
2026-03-14,เสาร์ 14/3,143,12,8B,8B,Outdoor,False,2.0,In house,435.0,507.0,72.0,,False
2026-03-14,เสาร์ 14/3,143,13,8C,8C,Outdoor,False,2.0,In house,445.0,507.0,62.0,,False
2026-03-14,เสาร์ 14/3,143,14,8A,8A,Outdoor,False,1.0,Walk in,446.0,516.0,70.0,,False
2026-03-14,เสาร์ 14/3,143,15,7B,7B,Outdoor,False,2.0,In house,448.0,499.0,51.0,,False
2026-03-14,เสาร์ 14/3,143,16,15,15,Outdoor,False,4.0,Walk in,449.0,518.0,69.0,,False
2026-03-14,เสาร์ 14/3,143,17,9A,9A,Outdoor,False,2.0,In house,455.0,487.0,32.0,,False
2026-03-14,เสาร์ 14/3,143,18,14,14,Outdoor,False,2.0,In house,458.0,510.0,52.0,,False
2026-03-14,เสาร์ 14/3,143,19,12,12,Outdoor,False,2.0,Walk in,460.0,571.0,111.0,,False
2026-03-14,เสาร์ 14/3,143,20,7C,7C,Outdoor,False,1.0,Walk in,467.0,493.0,26.0,,False
2026-03-14,เสาร์ 14/3,143,21,16,16,Outdoor,False,2.0,In house,469.0,492.0,23.0,DQ03_TABLE16_NOT_IN_APPENDIX,False
2026-03-14,เสาร์ 14/3,143,22,11A,11A,Outdoor,False,3.0,Walk in,471.0,615.0,144.0,DQ04_BARE_TABLE_NO,False
2026-03-14,เสาร์ 14/3,143,22,11B,11B,Outdoor,False,3.0,Walk in,471.0,615.0,144.0,DQ04_BARE_TABLE_NO,False
2026-03-14,เสาร์ 14/3,143,23,1A,1A,Indoor,False,1.0,In house,475.0,499.0,24.0,,False
2026-03-14,เสาร์ 14/3,143,24,10B,10B,Outdoor,False,2.0,In house,477.0,505.0,28.0,,False
2026-03-14,เสาร์ 14/3,143,25,9B,9B,Outdoor,False,2.0,In house,482.0,516.0,34.0,,False
2026-03-14,เสาร์ 14/3,143,26,2A,2A,Indoor,False,4.0,Walk in,485.0,561.0,76.0,DQ04_BARE_TABLE_NO,False
2026-03-14,เสาร์ 14/3,143,26,2B,2B,Indoor,False,4.0,Walk in,485.0,561.0,76.0,DQ04_BARE_TABLE_NO,False
2026-03-14,เสาร์ 14/3,143,27,4A,4A,Indoor,False,2.0,Walk in,486.0,508.0,22.0,,False
2026-03-14,เสาร์ 14/3,143,28,1B,1B,Indoor,False,1.0,In house,492.0,528.0,36.0,,False
2026-03-14,เสาร์ 14/3,143,29,4B,4B,Indoor,False,4.0,In house,493.0,530.0,37.0,DQ16_PAX_OVER_CAPACITY,False
2026-03-14,เสาร์ 14/3,143,30,7A,7A,Outdoor,False,2.0,Walk in,494.0,586.0,92.0,,False
2026-03-14,เสาร์ 14/3,143,31,1A,1A,Indoor,False,1.0,Walk in,500.0,581.0,81.0,,False
2026-03-14,เสาร์ 14/3,143,32,16,16,Outdoor,False,2.0,Walk in,497.0,570.0,73.0,DQ03_TABLE16_NOT_IN_APPENDIX,False
2026-03-14,เสาร์ 14/3,143,33,6A,6A,Indoor,False,4.0,Walk in,509.0,586.0,77.0,DQ04_BARE_TABLE_NO,False
2026-03-14,เสาร์ 14/3,143,33,6B,6B,Indoor,False,4.0,Walk in,509.0,586.0,77.0,DQ04_BARE_TABLE_NO,False
2026-03-14,เสาร์ 14/3,143,34,7C,7C,Outdoor,False,2.0,Walk in,500.0,600.0,100.0,,False
2026-03-14,เสาร์ 14/3,143,35,7B,7B,Outdoor,False,1.0,In house,503.0,528.0,25.0,,False
2026-03-14,เสาร์ 14/3,143,36,9A,9A,Outdoor,False,2.0,Walk in,503.0,552.0,49.0,,False
2026-03-14,เสาร์ 14/3,143,37,1B,1B,Indoor,False,2.0,Walk in,528.0,605.0,77.0,,True
2026-03-14,เสาร์ 14/3,143,38,8B,8B,Outdoor,False,2.0,Walk in,509.0,621.0,112.0,,False
2026-03-14,เสาร์ 14/3,143,39,10B,10B,Outdoor,False,1.0,Walk in,514.0,649.0,135.0,,False
2026-03-14,เสาร์ 14/3,143,40,13,13,Outdoor,False,5.0,In house,523.0,590.0,67.0,,True
2026-03-14,เสาร์ 14/3,143,40,14,14,Outdoor,False,5.0,In house,523.0,590.0,67.0,,False
2026-03-14,เสาร์ 14/3,143,41,10A,10A,Outdoor,False,1.0,In house,526.0,564.0,38.0,,False
2026-03-14,เสาร์ 14/3,143,42,9B,9B,Outdoor,False,2.0,Walk in,530.0,557.0,27.0,,False
2026-03-14,เสาร์ 14/3,143,43,15,15,Outdoor,False,4.0,Walk in,531.0,581.0,50.0,,False
2026-03-14,เสาร์ 14/3,143,44,3B,3B,Indoor,False,2.0,In house,532.0,565.0,33.0,,True
2026-03-14,เสาร์ 14/3,143,45,8C,8C,Outdoor,False,1.0,In house,534.0,570.0,36.0,,False
2026-03-14,เสาร์ 14/3,143,46,7B,7B,Outdoor,False,2.0,In house,535.0,575.0,40.0,,False
2026-03-14,เสาร์ 14/3,143,47,8A,8A,Outdoor,False,1.0,Walk in,540.0,609.0,69.0,,False
2026-03-14,เสาร์ 14/3,143,48,9A,9A,Outdoor,False,1.0,Walk in,552.0,660.0,108.0,,False
2026-03-14,เสาร์ 14/3,143,49,1B,1B,Indoor,False,3.0,Walk in,563.0,608.0,45.0,,True
2026-03-14,เสาร์ 14/3,143,49,2A,2A,Indoor,False,3.0,Walk in,563.0,608.0,45.0,,False
2026-03-14,เสาร์ 14/3,143,50,10A,10A,Outdoor,False,1.0,Walk in,564.0,585.0,21.0,,False
2026-03-14,เสาร์ 14/3,143,52,3B,3B,Indoor,False,2.0,In house,565.0,592.0,27.0,,True
2026-03-14,เสาร์ 14/3,143,53,15,15,Outdoor,False,2.0,In house,583.0,618.0,35.0,,False
2026-03-14,เสาร์ 14/3,143,54,4A,4A,Indoor,False,2.0,In house,570.0,592.0,22.0,,False
2026-03-14,เสาร์ 14/3,143,55,9B,9B,Outdoor,False,1.0,Walk in,576.0,708.0,132.0,,False
2026-03-14,เสาร์ 14/3,143,56,13,13,Outdoor,False,2.0,In house,578.0,621.0,43.0,,True
2026-03-14,เสาร์ 14/3,143,57,7B,7B,Outdoor,False,2.0,Walk in,579.0,627.0,48.0,,False
2026-03-14,เสาร์ 14/3,143,59,1A,1A,Indoor,False,2.0,Walk in,582.0,663.0,81.0,,False
2026-03-14,เสาร์ 14/3,143,60,7A,7A,Outdoor,False,1.0,Walk in,588.0,681.0,93.0,,False
2026-03-14,เสาร์ 14/3,143,61,4A,4A,Indoor,False,2.0,Walk in,594.0,656.0,62.0,,False
2026-03-14,เสาร์ 14/3,143,62,4B,4B,Indoor,False,2.0,Walk in,591.0,683.0,92.0,,False
2026-03-14,เสาร์ 14/3,143,63,5A,5A,Indoor,False,2.0,Walk in,592.0,640.0,48.0,,False
2026-03-14,เสาร์ 14/3,143,64,2B,2B,Indoor,False,3.0,Walk in,597.0,688.0,91.0,,False
2026-03-14,เสาร์ 14/3,143,64,3A,3A,Indoor,False,3.0,Walk in,597.0,688.0,91.0,,False
2026-03-14,เสาร์ 14/3,143,65,10A,10A,Outdoor,False,2.0,Walk in,599.0,645.0,46.0,,False
2026-03-14,เสาร์ 14/3,143,66,14,14,Outdoor,False,2.0,Walk in,600.0,687.0,87.0,,False
2026-03-14,เสาร์ 14/3,143,67,6_?,6,Indoor,True,2.0,Walk in,604.0,685.0,81.0,DQ04_BARE_TABLE_NO,False
2026-03-14,เสาร์ 14/3,143,68,7C,7C,Outdoor,False,2.0,Walk in,605.0,681.0,76.0,,False
2026-03-14,เสาร์ 14/3,143,69,8A,8A,Outdoor,False,1.0,Walk in,611.0,622.0,11.0,,False
2026-03-14,เสาร์ 14/3,143,70,13,13,Outdoor,False,2.0,In house,612.0,660.0,48.0,,True
2026-03-14,เสาร์ 14/3,143,71,11_?,11,Outdoor,True,2.0,In house,616.0,638.0,22.0,DQ04_BARE_TABLE_NO,False
2026-03-14,เสาร์ 14/3,143,72,5B,5B,Indoor,False,1.0,Walk in,614.0,697.0,83.0,,False
2026-03-14,เสาร์ 14/3,143,73,16,16,Outdoor,False,1.0,Walk in,619.0,642.0,23.0,DQ03_TABLE16_NOT_IN_APPENDIX,False
2026-03-14,เสาร์ 14/3,143,74,8B,8B,Outdoor,False,1.0,Walk in,623.0,683.0,60.0,,False
2026-03-14,เสาร์ 14/3,143,75,8A,8A,Outdoor,False,2.0,In house,625.0,665.0,40.0,,False
2026-03-14,เสาร์ 14/3,143,76,8C,8C,Outdoor,False,2.0,Walk in,626.0,679.0,53.0,,False
2026-03-14,เสาร์ 14/3,143,77,7B,7B,Outdoor,False,2.0,Walk in,630.0,720.0,90.0,,False
2026-03-14,เสาร์ 14/3,143,78,1B,1B,Indoor,False,3.0,Walk in,641.0,714.0,73.0,,False
2026-03-14,เสาร์ 14/3,143,78,2A,2A,Indoor,False,3.0,Walk in,641.0,714.0,73.0,,False
2026-03-14,เสาร์ 14/3,143,79,16,16,Outdoor,False,1.0,Walk in,660.0,689.0,29.0,DQ03_TABLE16_NOT_IN_APPENDIX,False
2026-03-14,เสาร์ 14/3,143,80,1A,1A,Indoor,False,2.0,In house,684.0,745.0,61.0,,False
2026-03-14,เสาร์ 14/3,143,81,6_?,6,Indoor,True,2.0,Walk in,705.0,751.0,46.0,DQ04_BARE_TABLE_NO,False
2026-03-15,อาทิตย์ 15/3,153,1,10B,10B,Outdoor,False,2.0,Walk in,410.0,488.0,78.0,,False
2026-03-15,อาทิตย์ 15/3,153,2,1_?,1,Indoor,True,1.0,Walk in,413.0,470.0,57.0,DQ04_BARE_TABLE_NO,False
2026-03-15,อาทิตย์ 15/3,153,3,7A,7A,Outdoor,False,1.0,Walk in,417.0,525.0,108.0,,False
2026-03-15,อาทิตย์ 15/3,153,4,3B,3B,Indoor,False,3.0,Walk in,422.0,480.0,58.0,DQ16_PAX_OVER_CAPACITY,False
2026-03-15,อาทิตย์ 15/3,153,5,4A,4A,Indoor,False,2.0,Walk in,432.0,492.0,60.0,,False
2026-03-15,อาทิตย์ 15/3,153,6,5B,5B,Indoor,False,2.0,In house,433.0,485.0,52.0,,False
2026-03-15,อาทิตย์ 15/3,153,7,11A,11A,Outdoor,False,,Walk in,435.0,600.0,165.0,DQ13_PAX_ZERO_BUT_SEATED,False
2026-03-15,อาทิตย์ 15/3,153,8,6A,6A,Indoor,False,3.0,Walk in,455.0,554.0,99.0,DQ04_BARE_TABLE_NO,False
2026-03-15,อาทิตย์ 15/3,153,8,6B,6B,Indoor,False,3.0,Walk in,455.0,554.0,99.0,DQ04_BARE_TABLE_NO,False
2026-03-15,อาทิตย์ 15/3,153,9,7B,7B,Outdoor,False,1.0,In house,455.0,480.0,25.0,,False
2026-03-15,อาทิตย์ 15/3,153,10,2A,2A,Indoor,False,3.0,Walk in,469.0,550.0,81.0,DQ04_BARE_TABLE_NO,False
2026-03-15,อาทิตย์ 15/3,153,10,2B,2B,Indoor,False,3.0,Walk in,469.0,550.0,81.0,DQ04_BARE_TABLE_NO,False
2026-03-15,อาทิตย์ 15/3,153,11,1A,1A,Indoor,False,2.0,Walk in,471.0,567.0,96.0,,True
2026-03-15,อาทิตย์ 15/3,153,12,16,16,Outdoor,False,1.0,Walk in,479.0,575.0,96.0,DQ03_TABLE16_NOT_IN_APPENDIX,False
2026-03-15,อาทิตย์ 15/3,153,13,8B,8B,Outdoor,False,2.0,In house,479.0,507.0,28.0,,False
2026-03-15,อาทิตย์ 15/3,153,14,15,15,Outdoor,False,4.0,Walk in,480.0,646.0,166.0,,False
2026-03-15,อาทิตย์ 15/3,153,15,1B,1B,Indoor,False,2.0,Walk in,482.0,560.0,78.0,,False
2026-03-15,อาทิตย์ 15/3,153,16,8C,8C,Outdoor,False,1.0,Walk in,483.0,562.0,79.0,,False
2026-03-15,อาทิตย์ 15/3,153,17,3B,3B,Indoor,False,3.0,Walk in,484.0,564.0,80.0,DQ16_PAX_OVER_CAPACITY,True
2026-03-15,อาทิตย์ 15/3,153,18,13,13,Outdoor,False,4.0,In house,485.0,590.0,105.0,,False
2026-03-15,อาทิตย์ 15/3,153,18,14,14,Outdoor,False,4.0,In house,485.0,590.0,105.0,,False
2026-03-15,อาทิตย์ 15/3,153,19,4B,4B,Indoor,False,2.0,Walk in,490.0,630.0,140.0,,True
2026-03-15,อาทิตย์ 15/3,153,20,10A,10A,Outdoor,False,2.0,Walk in,490.0,594.0,104.0,,False
2026-03-15,อาทิตย์ 15/3,153,21,4A,4A,Indoor,False,,In house,492.0,665.0,173.0,DQ13_PAX_ZERO_BUT_SEATED,True
2026-03-15,อาทิตย์ 15/3,153,22,9_?,9,Outdoor,True,2.0,In house,492.0,590.0,98.0,DQ04_BARE_TABLE_NO,False
2026-03-15,อาทิตย์ 15/3,153,23,4A,4A,Indoor,False,2.0,Walk in,553.0,582.0,29.0,,True
2026-03-15,อาทิตย์ 15/3,153,24,10B,10B,Outdoor,False,2.0,Walk in,494.0,615.0,121.0,,False
2026-03-15,อาทิตย์ 15/3,153,25,12,12,Outdoor,False,2.0,Walk in,495.0,607.0,112.0,,False
2026-03-15,อาทิตย์ 15/3,153,26,7C,7C,Outdoor,False,2.0,Walk in,496.0,573.0,77.0,,False
2026-03-15,อาทิตย์ 15/3,153,27,7B,7B,Outdoor,False,2.0,Walk in,496.0,552.0,56.0,,False
2026-03-15,อาทิตย์ 15/3,153,29,11B,11B,Outdoor,False,2.0,Walk in,545.0,695.0,150.0,,True
2026-03-15,อาทิตย์ 15/3,153,30,8B,8B,Outdoor,False,2.0,In house,509.0,540.0,31.0,,False
2026-03-15,อาทิตย์ 15/3,153,31,7A,7A,Outdoor,False,1.0,In house,525.0,570.0,45.0,,False
2026-03-15,อาทิตย์ 15/3,153,32,2A,2A,Indoor,False,3.0,Walk in,550.0,633.0,83.0,DQ04_BARE_TABLE_NO,False
2026-03-15,อาทิตย์ 15/3,153,32,2B,2B,Indoor,False,3.0,Walk in,550.0,633.0,83.0,DQ04_BARE_TABLE_NO,False
2026-03-15,อาทิตย์ 15/3,153,33,3A,3A,Indoor,False,3.0,Walk in,553.0,620.0,67.0,DQ04_BARE_TABLE_NO,False
2026-03-15,อาทิตย์ 15/3,153,33,3B,3B,Indoor,False,3.0,Walk in,553.0,620.0,67.0,DQ04_BARE_TABLE_NO,True
2026-03-15,อาทิตย์ 15/3,153,34,7B,7B,Outdoor,False,2.0,Walk in,555.0,581.0,26.0,,False
2026-03-15,อาทิตย์ 15/3,153,35,6A,6A,Indoor,False,4.0,Walk in,556.0,603.0,47.0,DQ04_BARE_TABLE_NO,False
2026-03-15,อาทิตย์ 15/3,153,35,6B,6B,Indoor,False,4.0,Walk in,556.0,603.0,47.0,DQ04_BARE_TABLE_NO,False
2026-03-15,อาทิตย์ 15/3,153,36,4B,4B,Indoor,False,4.0,Walk in,567.0,644.0,77.0,DQ06_SEPARATOR,True
2026-03-15,อาทิตย์ 15/3,153,36,5A,5A,Indoor,False,4.0,Walk in,567.0,644.0,77.0,DQ06_SEPARATOR,False
2026-03-15,อาทิตย์ 15/3,153,38,9A,9A,Outdoor,False,3.0,Walk in,590.0,720.0,130.0,DQ04_BARE_TABLE_NO,False
2026-03-15,อาทิตย์ 15/3,153,38,9B,9B,Outdoor,False,3.0,Walk in,590.0,720.0,130.0,DQ04_BARE_TABLE_NO,False
2026-03-15,อาทิตย์ 15/3,153,38,9C,9C,Outdoor,False,3.0,Walk in,590.0,720.0,130.0,DQ04_BARE_TABLE_NO,False
2026-03-15,อาทิตย์ 15/3,153,39,8B,8B,Outdoor,False,1.0,Walk in,540.0,652.0,112.0,,False
2026-03-15,อาทิตย์ 15/3,153,41,1B,1B,Indoor,False,1.0,Walk in,565.0,601.0,36.0,,False
2026-03-15,อาทิตย์ 15/3,153,42,1A,1A,Indoor,False,1.0,In house,565.0,605.0,40.0,,True
2026-03-15,อาทิตย์ 15/3,153,43,8C,8C,Outdoor,False,2.0,Walk in,565.0,701.0,136.0,,False
2026-03-15,อาทิตย์ 15/3,153,44,7A,7A,Outdoor,False,3.0,Walk in,573.0,644.0,71.0,DQ16_PAX_OVER_CAPACITY,False
2026-03-15,อาทิตย์ 15/3,153,45,8A,8A,Outdoor,False,2.0,Walk in,547.0,587.0,40.0,,False
2026-03-15,อาทิตย์ 15/3,153,46,16,16,Outdoor,False,2.0,In house,580.0,613.0,33.0,DQ03_TABLE16_NOT_IN_APPENDIX,False
2026-03-15,อาทิตย์ 15/3,153,47,6A,6A,Indoor,False,3.0,Walk in,605.0,720.0,115.0,DQ04_BARE_TABLE_NO,False
2026-03-15,อาทิตย์ 15/3,153,47,6B,6B,Indoor,False,3.0,Walk in,605.0,720.0,115.0,DQ04_BARE_TABLE_NO,False
2026-03-15,อาทิตย์ 15/3,153,50,4A,4A,Indoor,False,5.0,Walk in,595.0,685.0,90.0,DQ06_SEPARATOR|DQ07_CROSS_ZONE_COMBINE|DQ16_PAX_OVER_CAPACITY,True
2026-03-15,อาทิตย์ 15/3,153,50,11B,11B,Outdoor,False,5.0,Walk in,595.0,685.0,90.0,DQ06_SEPARATOR|DQ07_CROSS_ZONE_COMBINE|DQ16_PAX_OVER_CAPACITY,True
2026-03-15,อาทิตย์ 15/3,153,51,1A,1A,Indoor,False,1.0,In house,605.0,674.0,69.0,,False
2026-03-15,อาทิตย์ 15/3,153,52,12,12,Outdoor,False,3.0,Walk in,609.0,680.0,71.0,,True
2026-03-15,อาทิตย์ 15/3,153,53,11A,11A,Outdoor,False,3.0,Walk in,611.0,695.0,84.0,DQ16_PAX_OVER_CAPACITY,False
2026-03-15,อาทิตย์ 15/3,153,54,16,16,Outdoor,False,5.0,In house,617.0,660.0,43.0,DQ03_TABLE16_NOT_IN_APPENDIX|DQ16_PAX_OVER_CAPACITY,False
2026-03-15,อาทิตย์ 15/3,153,56,2_?,2,Indoor,True,2.0,Walk in,635.0,670.0,35.0,DQ04_BARE_TABLE_NO,False
2026-03-15,อาทิตย์ 15/3,153,57,7A,7A,Outdoor,False,1.0,Walk in,645.0,675.0,30.0,,False
2026-03-15,อาทิตย์ 15/3,153,59,4B,4B,Indoor,False,2.0,In house,645.0,690.0,45.0,DQ06_SEPARATOR,False
2026-03-15,อาทิตย์ 15/3,153,59,5A,5A,Indoor,False,2.0,In house,645.0,690.0,45.0,DQ06_SEPARATOR,False
2026-03-15,อาทิตย์ 15/3,153,61,15A,15A,Outdoor,False,2.0,Walk in,650.0,715.0,65.0,DQ05_TABLE15_SPLIT,False
2026-03-15,อาทิตย์ 15/3,153,62,15B,15B,Outdoor,False,2.0,Walk in,650.0,686.0,36.0,DQ05_TABLE15_SPLIT,False
2026-03-15,อาทิตย์ 15/3,153,63,8B,8B,Outdoor,False,2.0,In house,655.0,727.0,72.0,,False
2026-03-15,อาทิตย์ 15/3,153,64,7C,7C,Outdoor,False,2.0,Walk in,663.0,703.0,40.0,,False
2026-03-15,อาทิตย์ 15/3,153,66,3A,3A,Indoor,False,4.0,Walk in,665.0,745.0,80.0,DQ04_BARE_TABLE_NO,False
2026-03-15,อาทิตย์ 15/3,153,66,3B,3B,Indoor,False,4.0,Walk in,665.0,745.0,80.0,DQ04_BARE_TABLE_NO,False
2026-03-15,อาทิตย์ 15/3,153,67,10A,10A,Outdoor,False,2.0,Walk in,606.0,726.0,120.0,,False
2026-03-15,อาทิตย์ 15/3,153,68,5B,5B,Indoor,False,2.0,Walk in,630.0,730.0,100.0,,False
2026-03-15,อาทิตย์ 15/3,153,69,4A,4A,Indoor,False,1.0,Walk in,669.0,740.0,71.0,,True
2026-03-15,อาทิตย์ 15/3,153,70,8A,8A,Outdoor,False,1.0,Walk in,669.0,730.0,61.0,,False
2026-03-15,อาทิตย์ 15/3,153,72,2B,2B,Indoor,False,1.0,Walk in,670.0,710.0,40.0,,False
2026-03-15,อาทิตย์ 15/3,153,73,16,16,Outdoor,False,2.0,Walk in,672.0,703.0,31.0,DQ03_TABLE16_NOT_IN_APPENDIX,False
2026-03-15,อาทิตย์ 15/3,153,75,13,13,Outdoor,False,3.0,In house,700.0,750.0,50.0,,False
2026-03-15,อาทิตย์ 15/3,153,75,14,14,Outdoor,False,3.0,In house,700.0,750.0,50.0,,False
2026-03-15,อาทิตย์ 15/3,153,76,2A,2A,Indoor,False,2.0,In house,674.0,695.0,21.0,,False
2026-03-15,อาทิตย์ 15/3,153,79,7A,7A,Outdoor,False,2.0,In house,680.0,715.0,35.0,,False
2026-03-15,อาทิตย์ 15/3,153,80,1B,1B,Indoor,False,2.0,In house,683.0,740.0,57.0,,False
2026-03-15,อาทิตย์ 15/3,153,81,12,12,Outdoor,False,2.0,In house,672.0,750.0,78.0,,True
2026-03-15,อาทิตย์ 15/3,153,82,12,12,Outdoor,False,1.0,In house,685.0,720.0,35.0,,True
2026-03-15,อาทิตย์ 15/3,153,83,15B,15B,Outdoor,False,1.0,In house,687.0,720.0,33.0,DQ05_TABLE15_SPLIT,False
2026-03-15,อาทิตย์ 15/3,153,84,4B,4B,Indoor,False,1.0,In house,690.0,735.0,45.0,,False
2026-03-15,อาทิตย์ 15/3,153,85,12,12,Outdoor,False,1.0,Walk in,700.0,750.0,50.0,,True
2026-03-15,อาทิตย์ 15/3,153,86,16,16,Outdoor,False,1.0,In house,705.0,750.0,45.0,DQ03_TABLE16_NOT_IN_APPENDIX,False
2026-03-17,อังคาร 17/3,173,1,10A,10A,Outdoor,False,1.0,Walk in,396.0,558.0,162.0,DQ01_NO_QUEUE_DATA_THIS_DAY,False
2026-03-17,อังคาร 17/3,173,2,5_?,5,Indoor,True,2.0,Walk in,397.0,467.0,70.0,DQ01_NO_QUEUE_DATA_THIS_DAY|DQ04_BARE_TABLE_NO,False
2026-03-17,อังคาร 17/3,173,3,6B,6B,Indoor,False,1.0,Walk in,400.0,540.0,140.0,DQ01_NO_QUEUE_DATA_THIS_DAY,False
2026-03-17,อังคาร 17/3,173,4,16,16,Outdoor,False,1.0,In house,401.0,441.0,40.0,DQ01_NO_QUEUE_DATA_THIS_DAY|DQ03_TABLE16_NOT_IN_APPENDIX,False
2026-03-17,อังคาร 17/3,173,5,7A,7A,Outdoor,False,2.0,Walk in,412.0,474.0,62.0,DQ01_NO_QUEUE_DATA_THIS_DAY,False
2026-03-17,อังคาร 17/3,173,6,1A,1A,Indoor,False,1.0,Walk in,418.0,474.0,56.0,DQ01_NO_QUEUE_DATA_THIS_DAY,False
2026-03-17,อังคาร 17/3,173,7,1B,1B,Indoor,False,1.0,In house,420.0,443.0,23.0,DQ01_NO_QUEUE_DATA_THIS_DAY,False
2026-03-17,อังคาร 17/3,173,8,4A,4A,Indoor,False,4.0,In house,420.0,514.0,94.0,DQ01_NO_QUEUE_DATA_THIS_DAY|DQ04_BARE_TABLE_NO,True
2026-03-17,อังคาร 17/3,173,8,4B,4B,Indoor,False,4.0,In house,420.0,514.0,94.0,DQ01_NO_QUEUE_DATA_THIS_DAY|DQ04_BARE_TABLE_NO,True
2026-03-17,อังคาร 17/3,173,9,8A,8A,Outdoor,False,1.0,In house,425.0,450.0,25.0,DQ01_NO_QUEUE_DATA_THIS_DAY,False
2026-03-17,อังคาร 17/3,173,10,7B,7B,Outdoor,False,1.0,In house,432.0,456.0,24.0,DQ01_NO_QUEUE_DATA_THIS_DAY,False
2026-03-17,อังคาร 17/3,173,11,8B,8B,Outdoor,False,2.0,In house,433.0,476.0,43.0,DQ01_NO_QUEUE_DATA_THIS_DAY,False
2026-03-17,อังคาร 17/3,173,12,12,12,Outdoor,False,2.0,In house,435.0,462.0,27.0,DQ01_NO_QUEUE_DATA_THIS_DAY,False
2026-03-17,อังคาร 17/3,173,13,4_?,4,Indoor,True,2.0,In house,440.0,476.0,36.0,DQ01_NO_QUEUE_DATA_THIS_DAY|DQ04_BARE_TABLE_NO,False
2026-03-17,อังคาร 17/3,173,14,11A,11A,Outdoor,False,1.0,Walk in,450.0,515.0,65.0,DQ01_NO_QUEUE_DATA_THIS_DAY,False
2026-03-17,อังคาร 17/3,173,15,3_?,3,Indoor,True,1.0,In house,450.0,461.0,11.0,DQ01_NO_QUEUE_DATA_THIS_DAY|DQ04_BARE_TABLE_NO,False
2026-03-17,อังคาร 17/3,173,16,1B,1B,Indoor,False,2.0,Walk in,456.0,476.0,20.0,DQ01_NO_QUEUE_DATA_THIS_DAY,False
2026-03-17,อังคาร 17/3,173,17,8A,8A,Outdoor,False,1.0,In house,455.0,482.0,27.0,DQ01_NO_QUEUE_DATA_THIS_DAY,False
2026-03-17,อังคาร 17/3,173,18,16,16,Outdoor,False,1.0,Walk in,457.0,530.0,73.0,DQ01_NO_QUEUE_DATA_THIS_DAY|DQ03_TABLE16_NOT_IN_APPENDIX,False
2026-03-17,อังคาร 17/3,173,19,6_?,6,Indoor,True,2.0,Walk in,460.0,680.0,220.0,DQ01_NO_QUEUE_DATA_THIS_DAY|DQ04_BARE_TABLE_NO,False
2026-03-17,อังคาร 17/3,173,20,7B,7B,Outdoor,False,1.0,Walk in,460.0,565.0,105.0,DQ01_NO_QUEUE_DATA_THIS_DAY,False
2026-03-17,อังคาร 17/3,173,21,7C,7C,Outdoor,False,1.0,In house,461.0,479.0,18.0,DQ01_NO_QUEUE_DATA_THIS_DAY,False
2026-03-17,อังคาร 17/3,173,22,12,12,Outdoor,False,1.0,In house,466.0,476.0,10.0,DQ01_NO_QUEUE_DATA_THIS_DAY,False
2026-03-17,อังคาร 17/3,173,23,3_?,3,Indoor,True,2.0,In house,468.0,526.0,58.0,DQ01_NO_QUEUE_DATA_THIS_DAY|DQ04_BARE_TABLE_NO,False
2026-03-17,อังคาร 17/3,173,24,14,14,Outdoor,False,2.0,Walk in,471.0,501.0,30.0,DQ01_NO_QUEUE_DATA_THIS_DAY,False
2026-03-17,อังคาร 17/3,173,25,4A,4A,Indoor,False,6.0,Walk in,476.0,536.0,60.0,DQ01_NO_QUEUE_DATA_THIS_DAY|DQ04_BARE_TABLE_NO|DQ16_PAX_OVER_CAPACITY,True
2026-03-17,อังคาร 17/3,173,25,4B,4B,Indoor,False,6.0,Walk in,476.0,536.0,60.0,DQ01_NO_QUEUE_DATA_THIS_DAY|DQ04_BARE_TABLE_NO|DQ16_PAX_OVER_CAPACITY,True
2026-03-17,อังคาร 17/3,173,26,1A,1A,Indoor,False,2.0,Walk in,485.0,544.0,59.0,DQ01_NO_QUEUE_DATA_THIS_DAY,False
2026-03-17,อังคาร 17/3,173,27,8B,8B,Outdoor,False,2.0,In house,485.0,532.0,47.0,DQ01_NO_QUEUE_DATA_THIS_DAY,False
2026-03-17,อังคาร 17/3,173,28,9A,9A,Outdoor,False,3.0,Walk in,486.0,533.0,47.0,DQ01_NO_QUEUE_DATA_THIS_DAY|DQ04_BARE_TABLE_NO,False
2026-03-17,อังคาร 17/3,173,28,9B,9B,Outdoor,False,3.0,Walk in,486.0,533.0,47.0,DQ01_NO_QUEUE_DATA_THIS_DAY|DQ04_BARE_TABLE_NO,False
2026-03-17,อังคาร 17/3,173,28,9C,9C,Outdoor,False,3.0,Walk in,486.0,533.0,47.0,DQ01_NO_QUEUE_DATA_THIS_DAY|DQ04_BARE_TABLE_NO,False
2026-03-17,อังคาร 17/3,173,29,8A,8A,Outdoor,False,1.0,Walk in,496.0,569.0,73.0,DQ01_NO_QUEUE_DATA_THIS_DAY,True
2026-03-17,อังคาร 17/3,173,30,12,12,Outdoor,False,2.0,In house,503.0,547.0,44.0,DQ01_NO_QUEUE_DATA_THIS_DAY,False
2026-03-17,อังคาร 17/3,173,31,1B,1B,Indoor,False,2.0,Walk in,504.0,589.0,85.0,DQ01_NO_QUEUE_DATA_THIS_DAY,True
2026-03-17,อังคาร 17/3,173,32,2B,2B,Indoor,False,1.0,Walk in,513.0,553.0,40.0,DQ01_NO_QUEUE_DATA_THIS_DAY,False
2026-03-17,อังคาร 17/3,173,33,7A,7A,Outdoor,False,2.0,In house,523.0,561.0,38.0,DQ01_NO_QUEUE_DATA_THIS_DAY,False
2026-03-17,อังคาร 17/3,173,34,14,14,Outdoor,False,2.0,Walk in,521.0,571.0,50.0,DQ01_NO_QUEUE_DATA_THIS_DAY,False
2026-03-17,อังคาร 17/3,173,35,8C,8C,Outdoor,False,1.0,Walk in,523.0,560.0,37.0,DQ01_NO_QUEUE_DATA_THIS_DAY,False
2026-03-17,อังคาร 17/3,173,36,11B,11B,Outdoor,False,2.0,In house,530.0,570.0,40.0,DQ01_NO_QUEUE_DATA_THIS_DAY,False
2026-03-17,อังคาร 17/3,173,37,15,15,Outdoor,False,1.0,In house,536.0,552.0,16.0,DQ01_NO_QUEUE_DATA_THIS_DAY,False
2026-03-17,อังคาร 17/3,173,38,16,16,Outdoor,False,1.0,Walk in,545.0,577.0,32.0,DQ01_NO_QUEUE_DATA_THIS_DAY|DQ03_TABLE16_NOT_IN_APPENDIX,False
2026-03-17,อังคาร 17/3,173,39,4_?,4,Indoor,True,2.0,Walk in,545.0,675.0,130.0,DQ01_NO_QUEUE_DATA_THIS_DAY|DQ04_BARE_TABLE_NO,False
2026-03-17,อังคาร 17/3,173,40,8B,8B,Outdoor,False,2.0,In house,550.0,622.0,72.0,DQ01_NO_QUEUE_DATA_THIS_DAY,False
2026-03-17,อังคาร 17/3,173,41,1A,1A,Indoor,False,2.0,Walk in,554.0,623.0,69.0,DQ01_NO_QUEUE_DATA_THIS_DAY,False
2026-03-17,อังคาร 17/3,173,42,1B,1B,Indoor,False,1.0,Walk in,556.0,646.0,90.0,DQ01_NO_QUEUE_DATA_THIS_DAY,True
2026-03-17,อังคาร 17/3,173,43,11A,11A,Outdoor,False,3.0,In house,570.0,606.0,36.0,DQ01_NO_QUEUE_DATA_THIS_DAY|DQ04_BARE_TABLE_NO,False
2026-03-17,อังคาร 17/3,173,43,11B,11B,Outdoor,False,3.0,In house,570.0,606.0,36.0,DQ01_NO_QUEUE_DATA_THIS_DAY|DQ04_BARE_TABLE_NO,False
2026-03-17,อังคาร 17/3,173,44,7A,7A,Outdoor,False,1.0,In house,572.0,593.0,21.0,DQ01_NO_QUEUE_DATA_THIS_DAY,True
2026-03-17,อังคาร 17/3,173,45,10A,10A,Outdoor,False,3.0,In house,575.0,623.0,48.0,DQ01_NO_QUEUE_DATA_THIS_DAY|DQ04_BARE_TABLE_NO,False
2026-03-17,อังคาร 17/3,173,45,10B,10B,Outdoor,False,3.0,In house,575.0,623.0,48.0,DQ01_NO_QUEUE_DATA_THIS_DAY|DQ04_BARE_TABLE_NO,False
2026-03-17,อังคาร 17/3,173,46,8A,8A,Outdoor,False,1.0,In house,516.0,733.0,217.0,DQ01_NO_QUEUE_DATA_THIS_DAY,True
2026-03-17,อังคาร 17/3,173,47,2_?,2,Indoor,True,2.0,In house,581.0,606.0,25.0,DQ01_NO_QUEUE_DATA_THIS_DAY|DQ04_BARE_TABLE_NO,False
2026-03-17,อังคาร 17/3,173,48,16,16,Outdoor,False,2.0,In house,585.0,618.0,33.0,DQ01_NO_QUEUE_DATA_THIS_DAY|DQ03_TABLE16_NOT_IN_APPENDIX,False
2026-03-17,อังคาร 17/3,173,49,4_?,4,Indoor,True,2.0,Walk in,590.0,711.0,121.0,DQ01_NO_QUEUE_DATA_THIS_DAY|DQ04_BARE_TABLE_NO,False
2026-03-17,อังคาร 17/3,173,50,7A,7A,Outdoor,False,2.0,Walk in,592.0,660.0,68.0,DQ01_NO_QUEUE_DATA_THIS_DAY,True
2026-03-17,อังคาร 17/3,173,51,5B,5B,Indoor,False,2.0,In house,594.0,654.0,60.0,DQ01_NO_QUEUE_DATA_THIS_DAY,False
2026-03-17,อังคาร 17/3,173,52,5A,5A,Indoor,False,1.0,In house,534.0,658.0,124.0,DQ01_NO_QUEUE_DATA_THIS_DAY,False
2026-03-17,อังคาร 17/3,173,53,12,12,Outdoor,False,1.0,Walk in,609.0,625.0,16.0,DQ01_NO_QUEUE_DATA_THIS_DAY,False
2026-03-17,อังคาร 17/3,173,54,3_?,3,Indoor,True,1.0,In house,610.0,684.0,74.0,DQ01_NO_QUEUE_DATA_THIS_DAY|DQ04_BARE_TABLE_NO,False
2026-03-17,อังคาร 17/3,173,55,9_?,9,Outdoor,True,2.0,Walk in,611.0,643.0,32.0,DQ01_NO_QUEUE_DATA_THIS_DAY|DQ04_BARE_TABLE_NO,False
2026-03-17,อังคาร 17/3,173,56,2_?,2,Indoor,True,2.0,Walk in,620.0,735.0,115.0,DQ01_NO_QUEUE_DATA_THIS_DAY|DQ04_BARE_TABLE_NO,False
2026-03-17,อังคาร 17/3,173,57,1A,1A,Indoor,False,1.0,Walk in,628.0,668.0,40.0,DQ01_NO_QUEUE_DATA_THIS_DAY,False
2026-03-17,อังคาร 17/3,173,58,7B,7B,Outdoor,False,3.0,In house,635.0,683.0,48.0,DQ01_NO_QUEUE_DATA_THIS_DAY|DQ06_SEPARATOR,False
2026-03-17,อังคาร 17/3,173,58,7A,7A,Outdoor,False,3.0,In house,635.0,683.0,48.0,DQ01_NO_QUEUE_DATA_THIS_DAY|DQ06_SEPARATOR,True
2026-03-17,อังคาร 17/3,173,59,10_?,10,Outdoor,True,2.0,Walk in,637.0,669.0,32.0,DQ01_NO_QUEUE_DATA_THIS_DAY|DQ04_BARE_TABLE_NO,False
2026-03-17,อังคาร 17/3,173,60,15,15,Outdoor,False,3.0,Walk in,639.0,731.0,92.0,DQ01_NO_QUEUE_DATA_THIS_DAY,False
2026-03-17,อังคาร 17/3,173,61,14,14,Outdoor,False,2.0,In house,640.0,684.0,44.0,DQ01_NO_QUEUE_DATA_THIS_DAY,False
2026-03-17,อังคาร 17/3,173,62,16,16,Outdoor,False,2.0,Walk in,644.0,700.0,56.0,DQ01_NO_QUEUE_DATA_THIS_DAY|DQ03_TABLE16_NOT_IN_APPENDIX,False
2026-03-17,อังคาร 17/3,173,63,8C,8C,Outdoor,False,1.0,In house,650.0,690.0,40.0,DQ01_NO_QUEUE_DATA_THIS_DAY,False
2026-03-17,อังคาร 17/3,173,64,5_?,5,Indoor,True,2.0,Walk in,664.0,722.0,58.0,DQ01_NO_QUEUE_DATA_THIS_DAY|DQ04_BARE_TABLE_NO,False
2026-03-17,อังคาร 17/3,173,65,6B,6B,Indoor,False,1.0,Walk in,665.0,685.0,20.0,DQ01_NO_QUEUE_DATA_THIS_DAY,False
2026-03-17,อังคาร 17/3,173,66,7A,7A,Outdoor,False,1.0,Walk in,681.0,699.0,18.0,DQ01_NO_QUEUE_DATA_THIS_DAY,True
2026-03-17,อังคาร 17/3,173,67,9_?,9,Outdoor,True,2.0,In house,684.0,708.0,24.0,DQ01_NO_QUEUE_DATA_THIS_DAY|DQ04_BARE_TABLE_NO,False
2026-03-17,อังคาร 17/3,173,68,1_?,1,Indoor,True,1.0,Walk in,683.0,722.0,39.0,DQ01_NO_QUEUE_DATA_THIS_DAY|DQ04_BARE_TABLE_NO,False
2026-03-17,อังคาร 17/3,173,69,7B,7B,Outdoor,False,1.0,In house,703.0,724.0,21.0,DQ01_NO_QUEUE_DATA_THIS_DAY,False
2026-03-18,พุธ 18/3,183,1,4A,4A,Indoor,False,1.0,Walk in,386.0,522.0,136.0,DQ01_NO_QUEUE_DATA_THIS_DAY,False
2026-03-18,พุธ 18/3,183,2,11_?,11,Outdoor,True,2.0,Walk in,404.0,464.0,60.0,DQ01_NO_QUEUE_DATA_THIS_DAY|DQ04_BARE_TABLE_NO,False
2026-03-18,พุธ 18/3,183,3,7A,7A,Outdoor,False,1.0,Walk in,418.0,526.0,108.0,DQ01_NO_QUEUE_DATA_THIS_DAY,False
2026-03-18,พุธ 18/3,183,4,16,16,Outdoor,False,2.0,In house,427.0,473.0,46.0,DQ01_NO_QUEUE_DATA_THIS_DAY|DQ03_TABLE16_NOT_IN_APPENDIX,False
2026-03-18,พุธ 18/3,183,5,8A,8A,Outdoor,False,1.0,In house,149.0,470.0,,DQ01_NO_QUEUE_DATA_THIS_DAY|DQ10_MEALSTART_OUT_OF_HOURS,False
2026-03-18,พุธ 18/3,183,6,8C,8C,Outdoor,False,1.0,In house,454.0,467.0,13.0,DQ01_NO_QUEUE_DATA_THIS_DAY,False
2026-03-18,พุธ 18/3,183,7,6_?,6,Indoor,True,1.0,In house,455.0,465.0,10.0,DQ01_NO_QUEUE_DATA_THIS_DAY|DQ04_BARE_TABLE_NO,False
2026-03-18,พุธ 18/3,183,8,10B,10B,Outdoor,False,1.0,In house,464.0,479.0,15.0,DQ01_NO_QUEUE_DATA_THIS_DAY,False
2026-03-18,พุธ 18/3,183,9,1_?,1,Indoor,True,2.0,In house,465.0,487.0,22.0,DQ01_NO_QUEUE_DATA_THIS_DAY|DQ04_BARE_TABLE_NO,False
2026-03-18,พุธ 18/3,183,10,6_?,6,Indoor,True,2.0,In house,466.0,567.0,101.0,DQ01_NO_QUEUE_DATA_THIS_DAY|DQ04_BARE_TABLE_NO,False
2026-03-18,พุธ 18/3,183,11,7B,7B,Outdoor,False,1.0,In house,469.0,493.0,24.0,DQ01_NO_QUEUE_DATA_THIS_DAY,False
2026-03-18,พุธ 18/3,183,12,8A,8A,Outdoor,False,1.0,Walk in,475.0,561.0,86.0,DQ01_NO_QUEUE_DATA_THIS_DAY,False
2026-03-18,พุธ 18/3,183,13,4B,4B,Indoor,False,1.0,Walk in,478.0,539.0,61.0,DQ01_NO_QUEUE_DATA_THIS_DAY,False
2026-03-18,พุธ 18/3,183,14,16,16,Outdoor,False,2.0,Walk in,483.0,515.0,32.0,DQ01_NO_QUEUE_DATA_THIS_DAY|DQ03_TABLE16_NOT_IN_APPENDIX,False
2026-03-18,พุธ 18/3,183,15,10B,10B,Outdoor,False,2.0,In house,485.0,530.0,45.0,DQ01_NO_QUEUE_DATA_THIS_DAY,False
2026-03-18,พุธ 18/3,183,16,11A,11A,Outdoor,False,2.0,In house,486.0,516.0,30.0,DQ01_NO_QUEUE_DATA_THIS_DAY,False
2026-03-18,พุธ 18/3,183,17,1A,1A,Indoor,False,1.0,Walk in,495.0,540.0,45.0,DQ01_NO_QUEUE_DATA_THIS_DAY,False
2026-03-18,พุธ 18/3,183,18,1B,1B,Indoor,False,1.0,Walk in,496.0,594.0,98.0,DQ01_NO_QUEUE_DATA_THIS_DAY,False
2026-03-18,พุธ 18/3,183,19,7B,7B,Outdoor,False,1.0,Walk in,498.0,577.0,79.0,DQ01_NO_QUEUE_DATA_THIS_DAY,True
2026-03-18,พุธ 18/3,183,20,3_?,3,Indoor,True,2.0,In house,505.0,545.0,40.0,DQ01_NO_QUEUE_DATA_THIS_DAY|DQ04_BARE_TABLE_NO,False
2026-03-18,พุธ 18/3,183,21,8B,8B,Outdoor,False,2.0,In house,508.0,546.0,38.0,DQ01_NO_QUEUE_DATA_THIS_DAY,False
2026-03-18,พุธ 18/3,183,22,15,15,Outdoor,False,2.0,Walk in,509.0,559.0,50.0,DQ01_NO_QUEUE_DATA_THIS_DAY,False
2026-03-18,พุธ 18/3,183,23,2A,2A,Indoor,False,4.0,In house,510.0,550.0,40.0,DQ01_NO_QUEUE_DATA_THIS_DAY|DQ04_BARE_TABLE_NO,False
2026-03-18,พุธ 18/3,183,23,2B,2B,Indoor,False,4.0,In house,510.0,550.0,40.0,DQ01_NO_QUEUE_DATA_THIS_DAY|DQ04_BARE_TABLE_NO,False
2026-03-18,พุธ 18/3,183,24,16,16,Outdoor,False,1.0,Walk in,520.0,569.0,49.0,DQ01_NO_QUEUE_DATA_THIS_DAY|DQ03_TABLE16_NOT_IN_APPENDIX,False
2026-03-18,พุธ 18/3,183,25,11B,11B,Outdoor,False,2.0,In house,522.0,575.0,53.0,DQ01_NO_QUEUE_DATA_THIS_DAY,False
2026-03-18,พุธ 18/3,183,26,5A,5A,Indoor,False,3.0,In house,523.0,538.0,15.0,DQ01_NO_QUEUE_DATA_THIS_DAY|DQ04_BARE_TABLE_NO,False
2026-03-18,พุธ 18/3,183,26,5B,5B,Indoor,False,3.0,In house,523.0,538.0,15.0,DQ01_NO_QUEUE_DATA_THIS_DAY|DQ04_BARE_TABLE_NO,False
2026-03-18,พุธ 18/3,183,27,7B,7B,Outdoor,False,1.0,In house,524.0,553.0,29.0,DQ01_NO_QUEUE_DATA_THIS_DAY,True
2026-03-18,พุธ 18/3,183,28,12,12,Outdoor,False,5.0,Walk in,527.0,626.0,99.0,DQ01_NO_QUEUE_DATA_THIS_DAY|DQ06_SEPARATOR,False
2026-03-18,พุธ 18/3,183,28,13,13,Outdoor,False,5.0,Walk in,527.0,626.0,99.0,DQ01_NO_QUEUE_DATA_THIS_DAY|DQ06_SEPARATOR,False
2026-03-18,พุธ 18/3,183,29,4A,4A,Indoor,False,1.0,Walk in,529.0,565.0,36.0,DQ01_NO_QUEUE_DATA_THIS_DAY,False
2026-03-18,พุธ 18/3,183,30,7A,7A,Outdoor,False,1.0,In house,529.0,655.0,126.0,DQ01_NO_QUEUE_DATA_THIS_DAY,False
2026-03-18,พุธ 18/3,183,31,14,14,Outdoor,False,1.0,In house,523.0,575.0,52.0,DQ01_NO_QUEUE_DATA_THIS_DAY,False
2026-03-18,พุธ 18/3,183,32,5B,5B,Indoor,False,2.0,In house,540.0,600.0,60.0,DQ01_NO_QUEUE_DATA_THIS_DAY,False
2026-03-18,พุธ 18/3,183,33,8B,8B,Outdoor,False,1.0,Walk in,548.0,603.0,55.0,DQ01_NO_QUEUE_DATA_THIS_DAY,False
2026-03-18,พุธ 18/3,183,34,1A,1A,Indoor,False,2.0,In house,551.0,611.0,60.0,DQ01_NO_QUEUE_DATA_THIS_DAY,False
2026-03-18,พุธ 18/3,183,35,9A,9A,Outdoor,False,4.0,Walk in,552.0,608.0,56.0,DQ01_NO_QUEUE_DATA_THIS_DAY|DQ04_BARE_TABLE_NO,False
2026-03-18,พุธ 18/3,183,35,9B,9B,Outdoor,False,4.0,Walk in,552.0,608.0,56.0,DQ01_NO_QUEUE_DATA_THIS_DAY|DQ04_BARE_TABLE_NO,False
2026-03-18,พุธ 18/3,183,35,9C,9C,Outdoor,False,4.0,Walk in,552.0,608.0,56.0,DQ01_NO_QUEUE_DATA_THIS_DAY|DQ04_BARE_TABLE_NO,False
2026-03-18,พุธ 18/3,183,36,3_?,3,Indoor,True,2.0,Walk in,553.0,605.0,52.0,DQ01_NO_QUEUE_DATA_THIS_DAY|DQ04_BARE_TABLE_NO,False
2026-03-18,พุธ 18/3,183,37,4B,4B,Indoor,False,2.0,Walk in,560.0,594.0,34.0,DQ01_NO_QUEUE_DATA_THIS_DAY|DQ06_SEPARATOR,False
2026-03-18,พุธ 18/3,183,37,5A,5A,Indoor,False,2.0,Walk in,560.0,594.0,34.0,DQ01_NO_QUEUE_DATA_THIS_DAY|DQ06_SEPARATOR,False
2026-03-18,พุธ 18/3,183,38,15,15,Outdoor,False,2.0,Walk in,562.0,615.0,53.0,DQ01_NO_QUEUE_DATA_THIS_DAY,False
2026-03-18,พุธ 18/3,183,39,4A,4A,Indoor,False,1.0,Walk in,577.0,646.0,69.0,DQ01_NO_QUEUE_DATA_THIS_DAY,False
2026-03-18,พุธ 18/3,183,40,6B,6B,Indoor,False,1.0,Walk in,587.0,730.0,143.0,DQ01_NO_QUEUE_DATA_THIS_DAY,False
2026-03-18,พุธ 18/3,183,41,6A,6A,Indoor,False,1.0,Walk in,588.0,645.0,57.0,DQ01_NO_QUEUE_DATA_THIS_DAY,False
2026-03-18,พุธ 18/3,183,42,2A,2A,Indoor,False,4.0,Walk in,589.0,701.0,112.0,DQ01_NO_QUEUE_DATA_THIS_DAY|DQ04_BARE_TABLE_NO,False
2026-03-18,พุธ 18/3,183,42,2B,2B,Indoor,False,4.0,Walk in,589.0,701.0,112.0,DQ01_NO_QUEUE_DATA_THIS_DAY|DQ04_BARE_TABLE_NO,False
2026-03-18,พุธ 18/3,183,43,16,16,Outdoor,False,2.0,Walk in,596.0,645.0,49.0,DQ01_NO_QUEUE_DATA_THIS_DAY|DQ03_TABLE16_NOT_IN_APPENDIX,False
2026-03-18,พุธ 18/3,183,44,7B,7B,Outdoor,False,2.0,In house,598.0,617.0,19.0,DQ01_NO_QUEUE_DATA_THIS_DAY,False
2026-03-18,พุธ 18/3,183,45,14,14,Outdoor,False,2.0,In house,599.0,628.0,29.0,DQ01_NO_QUEUE_DATA_THIS_DAY,False
2026-03-18,พุธ 18/3,183,46,1B,1B,Indoor,False,2.0,In house,603.0,649.0,46.0,DQ01_NO_QUEUE_DATA_THIS_DAY,True
2026-03-18,พุธ 18/3,183,47,4B,4B,Indoor,False,3.0,In house,605.0,662.0,57.0,DQ01_NO_QUEUE_DATA_THIS_DAY|DQ06_SEPARATOR,False
2026-03-18,พุธ 18/3,183,47,5A,5A,Indoor,False,3.0,In house,605.0,662.0,57.0,DQ01_NO_QUEUE_DATA_THIS_DAY|DQ06_SEPARATOR,False
2026-03-18,พุธ 18/3,183,48,11A,11A,Outdoor,False,2.0,In house,610.0,652.0,42.0,DQ01_NO_QUEUE_DATA_THIS_DAY,False
2026-03-18,พุธ 18/3,183,49,8A,8A,Outdoor,False,2.0,Walk in,616.0,662.0,46.0,DQ01_NO_QUEUE_DATA_THIS_DAY,False
2026-03-18,พุธ 18/3,183,50,1A,1A,Indoor,False,1.0,Walk in,619.0,690.0,71.0,DQ01_NO_QUEUE_DATA_THIS_DAY,False
2026-03-18,พุธ 18/3,183,51,9A,9A,Outdoor,False,4.0,Walk in,628.0,735.0,107.0,DQ01_NO_QUEUE_DATA_THIS_DAY|DQ04_BARE_TABLE_NO,False
2026-03-18,พุธ 18/3,183,51,9B,9B,Outdoor,False,4.0,Walk in,628.0,735.0,107.0,DQ01_NO_QUEUE_DATA_THIS_DAY|DQ04_BARE_TABLE_NO,False
2026-03-18,พุธ 18/3,183,51,9C,9C,Outdoor,False,4.0,Walk in,628.0,735.0,107.0,DQ01_NO_QUEUE_DATA_THIS_DAY|DQ04_BARE_TABLE_NO,False
2026-03-18,พุธ 18/3,183,52,14,14,Outdoor,False,1.0,In house,630.0,688.0,58.0,DQ01_NO_QUEUE_DATA_THIS_DAY,False
2026-03-18,พุธ 18/3,183,53,8C,8C,Outdoor,False,1.0,In house,630.0,673.0,43.0,DQ01_NO_QUEUE_DATA_THIS_DAY,False
2026-03-18,พุธ 18/3,183,54,7B,7B,Outdoor,False,2.0,Walk in,636.0,710.0,74.0,DQ01_NO_QUEUE_DATA_THIS_DAY,False
2026-03-18,พุธ 18/3,183,55,10B,10B,Outdoor,False,1.0,In house,638.0,718.0,80.0,DQ01_NO_QUEUE_DATA_THIS_DAY,False
2026-03-18,พุธ 18/3,183,56,15,15,Outdoor,False,2.0,Walk in,634.0,684.0,50.0,DQ01_NO_QUEUE_DATA_THIS_DAY,False
2026-03-18,พุธ 18/3,183,57,3_?,3,Indoor,True,2.0,In house,635.0,672.0,37.0,DQ01_NO_QUEUE_DATA_THIS_DAY|DQ04_BARE_TABLE_NO,False
2026-03-18,พุธ 18/3,183,58,1B,1B,Indoor,False,1.0,Walk in,639.0,810.0,171.0,DQ01_NO_QUEUE_DATA_THIS_DAY|DQ11_DURATION_CENSORED,True
2026-03-18,พุธ 18/3,183,59,12,12,Outdoor,False,3.0,Walk in,641.0,700.0,59.0,DQ01_NO_QUEUE_DATA_THIS_DAY|DQ06_SEPARATOR,False
2026-03-18,พุธ 18/3,183,59,13,13,Outdoor,False,3.0,Walk in,641.0,700.0,59.0,DQ01_NO_QUEUE_DATA_THIS_DAY|DQ06_SEPARATOR,False
2026-03-18,พุธ 18/3,183,60,16,16,Outdoor,False,2.0,Walk in,654.0,718.0,64.0,DQ01_NO_QUEUE_DATA_THIS_DAY|DQ03_TABLE16_NOT_IN_APPENDIX,False
2026-03-18,พุธ 18/3,183,61,4A,4A,Indoor,False,1.0,Walk in,656.0,699.0,43.0,DQ01_NO_QUEUE_DATA_THIS_DAY,False
2026-03-18,พุธ 18/3,183,62,5B,5B,Indoor,False,1.0,In house,713.0,688.0,,DQ01_NO_QUEUE_DATA_THIS_DAY|DQ09_MEALEND_BEFORE_START,False
2026-03-18,พุธ 18/3,183,63,7A,7A,Outdoor,False,2.0,In house,660.0,719.0,59.0,DQ01_NO_QUEUE_DATA_THIS_DAY,False
2026-03-18,พุธ 18/3,183,64,8A,8A,Outdoor,False,1.0,Walk in,668.0,704.0,36.0,DQ01_NO_QUEUE_DATA_THIS_DAY,False
2026-03-18,พุธ 18/3,183,65,11A,11A,Outdoor,False,3.0,In house,670.0,734.0,64.0,DQ01_NO_QUEUE_DATA_THIS_DAY|DQ06_SEPARATOR,False
2026-03-18,พุธ 18/3,183,65,11B,11B,Outdoor,False,3.0,In house,670.0,734.0,64.0,DQ01_NO_QUEUE_DATA_THIS_DAY|DQ06_SEPARATOR,False
2026-03-18,พุธ 18/3,183,66,15,15,Outdoor,False,2.0,In house,688.0,711.0,23.0,DQ01_NO_QUEUE_DATA_THIS_DAY,False
2026-03-18,พุธ 18/3,183,67,7C,7C,Outdoor,False,1.0,In house,689.0,734.0,45.0,DQ01_NO_QUEUE_DATA_THIS_DAY,False
2026-03-18,พุธ 18/3,183,68,4_?,4,Indoor,True,1.0,Walk in,699.0,810.0,111.0,DQ01_NO_QUEUE_DATA_THIS_DAY|DQ04_BARE_TABLE_NO|DQ11_DURATION_CENSORED,False
2026-03-18,พุธ 18/3,183,69,8B,8B,Outdoor,False,1.0,In house,700.0,714.0,14.0,DQ01_NO_QUEUE_DATA_THIS_DAY,False
2026-03-18,พุธ 18/3,183,70,5A,5A,Indoor,False,1.0,In house,703.0,740.0,37.0,DQ01_NO_QUEUE_DATA_THIS_DAY,False
